-- Test package for public.merge_products_with_decisions(bigint, bigint, jsonb).
-- DO NOT RUN ON PRODUCTION.
-- Intended only for a separate, empty Supabase/Postgres test project.
-- This file creates a minimal schema, applies the merge migrations, creates
-- reusable helpers, and resets test data between tests without dropping helpers.

-- Supabase projects already provide these roles. This block is only for a
-- separate, empty plain-psql test project.
do $$
begin
  if not exists (select 1 from pg_roles where rolname = 'anon') then
    create role anon;
  end if;

  if not exists (select 1 from pg_roles where rolname = 'authenticated') then
    create role authenticated;
  end if;

  if not exists (select 1 from pg_roles where rolname = 'service_role') then
    create role service_role;
  end if;
end;
$$;

drop table if exists public.price_history cascade;
drop table if exists public.retailer_products cascade;
drop table if exists public.offers cascade;
drop table if exists public.retailers cascade;
drop table if exists public.products cascade;
drop table if exists public.product_merge_history cascade;

drop function if exists public.merge_products(bigint, bigint);
drop function if exists public.merge_products_with_decisions(bigint, bigint, jsonb);
drop function if exists public.extract_product_size(text);
drop function if exists public.reset_merge_decision_test_data();
drop function if exists public.assert_true(boolean, text);
drop function if exists public.assert_eq_bigint(bigint, bigint, text);
drop function if exists public.assert_eq_integer(integer, integer, text);
drop function if exists public.assert_merge_with_decisions_blocked(bigint, bigint, jsonb, text);

create table public.products (
  id bigint generated by default as identity primary key,
  name text not null,
  slug text,
  gtin text,
  brand text,
  category text,
  servings integer,
  description text,
  image text,
  price numeric,
  created_at timestamptz not null default now(),
  updated_at timestamptz not null default now()
);

create table public.retailers (
  id bigint generated by default as identity primary key,
  name text not null,
  slug text,
  created_at timestamptz not null default now(),
  updated_at timestamptz not null default now()
);

create table public.offers (
  id bigint generated by default as identity primary key,
  product_id bigint not null references public.products(id) on delete cascade,
  retailer_id bigint null references public.retailers(id) on delete cascade,
  price numeric,
  shipping_cost numeric,
  url text,
  in_stock boolean,
  created_at timestamptz not null default now(),
  updated_at timestamptz not null default now(),
  constraint offers_product_retailer_unique unique (product_id, retailer_id),
  constraint offers_retailer_url_unique unique (retailer_id, url)
);

create table public.price_history (
  id bigint generated by default as identity primary key,
  offer_id bigint not null references public.offers(id) on delete cascade,
  price numeric,
  shipping_cost numeric,
  checked_at timestamptz not null default now(),
  created_at timestamptz not null default now()
);

create table public.retailer_products (
  id bigint generated by default as identity primary key,
  retailer_id bigint not null references public.retailers(id) on delete cascade,
  product_id bigint not null references public.products(id) on delete cascade,
  external_name text not null,
  external_slug text,
  external_gtin text,
  external_url text not null,
  match_method text,
  match_confidence numeric(5,2),
  created_at timestamptz not null default now(),
  updated_at timestamptz not null default now(),
  constraint retailer_products_retailer_url_unique unique (retailer_id, external_url)
);

create unique index products_gtin_unique
on public.products (gtin)
where gtin is not null
  and trim(gtin) <> '';

create unique index products_slug_unique
on public.products (slug)
where slug is not null
  and trim(slug) <> '';

create index retailer_products_product_id_idx
on public.retailer_products (product_id);

create index price_history_offer_id_idx
on public.price_history (offer_id);

\ir ../migrations/20260701_add_product_merge_rpc.sql
\ir ../migrations/20260702_add_product_merge_with_decisions_rpc.sql

create or replace function public.assert_true(
  condition boolean,
  message text
)
returns void
language plpgsql
as $$
begin
  if condition is not true then
    raise exception '%', message;
  end if;
end;
$$;

create or replace function public.assert_eq_bigint(
  actual bigint,
  expected bigint,
  message text
)
returns void
language plpgsql
as $$
begin
  if actual is distinct from expected then
    raise exception '% Expected %, got %', message, expected, actual;
  end if;
end;
$$;

create or replace function public.assert_eq_integer(
  actual integer,
  expected integer,
  message text
)
returns void
language plpgsql
as $$
begin
  if actual is distinct from expected then
    raise exception '% Expected %, got %', message, expected, actual;
  end if;
end;
$$;

create or replace function public.reset_merge_decision_test_data()
returns void
language plpgsql
as $$
begin
  truncate table public.product_merge_history restart identity cascade;
  truncate table public.price_history restart identity cascade;
  truncate table public.retailer_products restart identity cascade;
  truncate table public.offers restart identity cascade;
  truncate table public.retailers restart identity cascade;
  truncate table public.products restart identity cascade;

  insert into public.retailers (id, name, slug) values
    (1, 'Retailer One', 'retailer-one'),
    (2, 'Retailer Two', 'retailer-two'),
    (3, 'Retailer Three', 'retailer-three'),
    (4, 'Retailer Four', 'retailer-four');

  insert into public.products (
    id,
    name,
    slug,
    gtin,
    brand,
    category,
    servings,
    description,
    image,
    price
  ) values
    (1001, 'Decision Whey 500g Vanilla', 'decision-canonical', '7000000000001', 'DecisionBrand', 'Protein', 30, 'Canonical', 'canonical.jpg', 19.99),
    (1002, 'Decision Whey 500g Vanilla', 'decision-candidate', null, 'DecisionBrand', 'Protein', 30, 'Candidate', 'candidate.jpg', 18.99),
    (1003, 'Other Whey 500g Vanilla', 'decision-other', '7000000000003', 'DecisionBrand', 'Protein', 30, 'Other', 'other.jpg', 17.99),
    (1004, 'Foreign Whey 500g Vanilla', 'decision-foreign', '7000000000004', 'DecisionBrand', 'Protein', 30, 'Foreign', 'foreign.jpg', 16.99);

  insert into public.offers (
    id,
    product_id,
    retailer_id,
    price,
    shipping_cost,
    url,
    in_stock
  ) values
    (2001, 1001, 1, 19.99, 2.99, 'https://retailer-one.test/canonical', true),
    (2002, 1002, 1, 18.99, 1.99, 'https://retailer-one.test/candidate', true),
    (2003, 1001, 2, 21.99, 0.99, 'https://retailer-two.test/canonical-extra', true),
    (2004, 1002, 3, 17.99, 3.99, 'https://retailer-three.test/candidate-extra', true),
    (2005, 1004, 4, 16.99, 4.99, 'https://retailer-four.test/foreign', true);

  insert into public.price_history (
    id,
    offer_id,
    price,
    shipping_cost,
    checked_at
  ) values
    (3001, 2001, 19.99, 2.99, '2026-01-01 00:00:00+00'),
    (3002, 2001, 18.99, 2.99, '2026-01-02 00:00:00+00'),
    (3003, 2002, 18.99, 1.99, '2026-01-01 00:00:00+00'),
    (3004, 2002, 17.99, 1.99, '2026-01-02 00:00:00+00'),
    (3005, 2004, 17.99, 3.99, '2026-01-03 00:00:00+00');

  insert into public.retailer_products (
    id,
    retailer_id,
    product_id,
    external_name,
    external_slug,
    external_gtin,
    external_url,
    match_method,
    match_confidence
  ) values
    (4001, 1, 1001, 'Canonical mapping', 'canonical-mapping', '7000000000001', 'https://retailer-one.test/canonical', 'seed', 100),
    (4002, 1, 1002, 'Candidate mapping', 'candidate-mapping', null, 'https://retailer-one.test/candidate', 'seed', 100),
    (4003, 2, 1001, 'Canonical extra mapping', 'canonical-extra-mapping', '7000000000001', 'https://retailer-two.test/canonical-extra', 'seed', 100),
    (4004, 3, 1002, 'Candidate extra mapping', 'candidate-extra-mapping', null, 'https://retailer-three.test/candidate-extra', 'seed', 100),
    (4005, 4, 1004, 'Foreign mapping', 'foreign-mapping', '7000000000004', 'https://retailer-four.test/foreign', 'seed', 100);
end;
$$;

create or replace function public.assert_merge_with_decisions_blocked(
  canonical_id bigint,
  candidate_id bigint,
  decisions jsonb,
  expected_message text
)
returns void
language plpgsql
as $$
begin
  perform public.merge_products_with_decisions(canonical_id, candidate_id, decisions);
  raise exception 'Expected merge_products_with_decisions(%, %) to fail with: %',
    canonical_id,
    candidate_id,
    expected_message;
exception
  when others then
    if sqlerrm not like expected_message then
      raise exception 'Unexpected error for merge_products_with_decisions(%, %). Expected like "%", got "%"',
        canonical_id,
        candidate_id,
        expected_message,
        sqlerrm;
    end if;
end;
$$;

create or replace function public.valid_keep_canonical_decisions()
returns jsonb
language sql
as $$
  select jsonb_build_object(
    'offerConflicts',
    jsonb_build_array(
      jsonb_build_object(
        'canonicalOfferId', '2001',
        'candidateOfferId', '2002',
        'decision', 'keep_canonical'
      )
    ),
    'retailerProductConflicts',
    jsonb_build_array(
      jsonb_build_object(
        'canonicalMappingId', '4001',
        'candidateMappingId', '4002',
        'decision', 'keep_canonical'
      )
    )
  );
$$;

create or replace function public.valid_keep_candidate_decisions()
returns jsonb
language sql
as $$
  select jsonb_build_object(
    'offerConflicts',
    jsonb_build_array(
      jsonb_build_object(
        'canonicalOfferId', '2001',
        'candidateOfferId', '2002',
        'decision', 'keep_candidate'
      )
    ),
    'retailerProductConflicts',
    jsonb_build_array(
      jsonb_build_object(
        'canonicalMappingId', '4001',
        'candidateMappingId', '4002',
        'decision', 'keep_candidate'
      )
    )
  );
$$;

do $$
declare
  history_record public.product_merge_history%rowtype;
  before_count integer;
  after_count integer;
begin
  perform public.reset_merge_decision_test_data();
  select count(*) into before_count from public.price_history;

  perform public.merge_products_with_decisions(
    1001,
    1002,
    public.valid_keep_canonical_decisions()
  );

  select count(*) into after_count from public.price_history;
  perform public.assert_eq_integer(after_count, before_count, 'keep canonical offer should preserve all price_history rows.');
  perform public.assert_true(not exists (select 1 from public.offers where id = 2002), 'keep canonical offer should delete candidate offer.');
  perform public.assert_true(exists (select 1 from public.offers where id = 2001 and product_id = 1001), 'keep canonical offer should keep canonical offer.');
  perform public.assert_true((select count(*) from public.price_history where offer_id = 2001) = 4, 'keep canonical offer should move candidate history to canonical offer.');
  perform public.assert_true(not exists (select 1 from public.offers where product_id = 1002), 'candidate should have no offers after successful merge.');
  perform public.assert_true(not exists (select 1 from public.retailer_products where product_id = 1002), 'candidate should have no mappings after successful merge.');
  perform public.assert_true(exists (select 1 from public.products where id = 1002 and is_active = false and merged_into_product_id = 1001 and merged_at is not null), 'candidate should be inactive after successful merge.');

  select *
  into history_record
  from public.product_merge_history
  where canonical_product_id = 1001
    and candidate_product_id = 1002;

  perform public.assert_eq_integer(history_record.price_history_preserved, 3, 'price_history_preserved should equal candidate price_history before merge.');
  perform public.assert_eq_integer(history_record.candidate_price_history_before, 3, 'candidate_price_history_before audit mismatch.');
  perform public.assert_eq_integer(history_record.canonical_price_history_before, 2, 'canonical_price_history_before audit mismatch.');
  perform public.assert_eq_integer(history_record.total_price_history_after, 5, 'total_price_history_after audit mismatch.');
  perform public.assert_eq_integer(history_record.price_history_reassigned, 2, 'price_history_reassigned audit mismatch.');
  perform public.assert_true(history_record.conflict_kept_offer_ids = array[2001]::bigint[], 'conflict_kept_offer_ids should include canonical offer.');
  perform public.assert_true(history_record.conflict_deleted_offer_ids = array[2002]::bigint[], 'conflict_deleted_offer_ids should include candidate offer.');
  perform public.assert_true(history_record.conflict_kept_retailer_product_ids = array[4001]::bigint[], 'conflict_kept_retailer_product_ids should include canonical mapping.');
  perform public.assert_true(history_record.conflict_deleted_retailer_product_ids = array[4002]::bigint[], 'conflict_deleted_retailer_product_ids should include candidate mapping.');
  perform public.assert_true(history_record.admin_decisions = public.valid_keep_canonical_decisions(), 'admin_decisions audit mismatch.');
  perform public.assert_true(jsonb_array_length(history_record.snapshot->'products_before') = 2, 'snapshot should include both products.');
  perform public.assert_true(jsonb_array_length(history_record.snapshot->'offers_before') = 4, 'snapshot should include all offers before merge.');
  perform public.assert_true(jsonb_array_length(history_record.snapshot->'retailer_products_before') = 4, 'snapshot should include all mappings before merge.');
  perform public.assert_true(jsonb_array_length(history_record.snapshot->'price_history_before') = 5, 'snapshot should include all price history before merge.');
end;
$$;

do $$
begin
  perform public.reset_merge_decision_test_data();

  perform public.merge_products_with_decisions(
    1001,
    1002,
    public.valid_keep_candidate_decisions()
  );

  perform public.assert_true(not exists (select 1 from public.offers where id = 2001), 'keep candidate offer should delete canonical offer.');
  perform public.assert_true(exists (select 1 from public.offers where id = 2002 and product_id = 1001), 'keep candidate offer should move candidate offer to canonical product.');
  perform public.assert_true((select count(*) from public.price_history where offer_id = 2002) = 4, 'keep candidate offer should move canonical history to candidate offer.');
  perform public.assert_true(not exists (select 1 from public.retailer_products where id = 4001), 'keep candidate mapping should delete canonical mapping.');
  perform public.assert_true(exists (select 1 from public.retailer_products where id = 4002 and product_id = 1001), 'keep candidate mapping should move candidate mapping to canonical product.');
  perform public.assert_true(not exists (select 1 from public.offers where product_id = 1002), 'candidate should have no offers after keep candidate merge.');
  perform public.assert_true(not exists (select 1 from public.retailer_products where product_id = 1002), 'candidate should have no mappings after keep candidate merge.');
end;
$$;

do $$
begin
  perform public.reset_merge_decision_test_data();

  perform public.assert_merge_with_decisions_blocked(
    1001,
    1002,
    jsonb_build_object(
      'offerConflicts', '[]'::jsonb,
      'retailerProductConflicts', jsonb_build_array(
        jsonb_build_object(
          'canonicalMappingId', '4001',
          'candidateMappingId', '4002',
          'decision', 'keep_canonical'
        )
      )
    ),
    'Offer conflict decisions must exactly match detected conflicts'
  );
end;
$$;

do $$
begin
  perform public.reset_merge_decision_test_data();

  perform public.assert_merge_with_decisions_blocked(
    1001,
    1002,
    jsonb_build_object(
      'offerConflicts', jsonb_build_array(
        jsonb_build_object(
          'canonicalOfferId', '2001',
          'candidateOfferId', '2002'
        )
      ),
      'retailerProductConflicts', jsonb_build_array(
        jsonb_build_object(
          'canonicalMappingId', '4001',
          'candidateMappingId', '4002',
          'decision', 'keep_canonical'
        )
      )
    ),
    'Invalid offer conflict decision'
  );
end;
$$;

do $$
begin
  perform public.reset_merge_decision_test_data();

  perform public.assert_merge_with_decisions_blocked(
    1001,
    1002,
    jsonb_build_object(
      'offerConflicts', jsonb_build_array(
        jsonb_build_object(
          'canonicalOfferId', '2001',
          'candidateOfferId', '2002',
          'decision', 'delete_both'
        )
      ),
      'retailerProductConflicts', jsonb_build_array(
        jsonb_build_object(
          'canonicalMappingId', '4001',
          'candidateMappingId', '4002',
          'decision', 'keep_canonical'
        )
      )
    ),
    'Invalid offer conflict decision'
  );
end;
$$;

do $$
begin
  perform public.reset_merge_decision_test_data();

  insert into public.offers (
    id,
    product_id,
    retailer_id,
    price,
    shipping_cost,
    url,
    in_stock
  ) values (
    2006,
    1001,
    3,
    20.99,
    2.99,
    'https://retailer-three.test/canonical-second-conflict',
    true
  );

  perform public.assert_merge_with_decisions_blocked(
    1001,
    1002,
    jsonb_build_object(
      'offerConflicts', jsonb_build_array(
        jsonb_build_object(
          'canonicalOfferId', '2001',
          'candidateOfferId', '2002',
          'decision', 'keep_canonical'
        ),
        jsonb_build_object(
          'canonicalOfferId', '2001',
          'candidateOfferId', '2002',
          'decision', 'keep_canonical'
        )
      ),
      'retailerProductConflicts', jsonb_build_array(
        jsonb_build_object(
          'canonicalMappingId', '4001',
          'candidateMappingId', '4002',
          'decision', 'keep_canonical'
        )
      )
    ),
    'Duplicate offer conflict decision'
  );
end;
$$;

do $$
begin
  perform public.reset_merge_decision_test_data();

  insert into public.retailer_products (
    id,
    retailer_id,
    product_id,
    external_name,
    external_slug,
    external_gtin,
    external_url,
    match_method,
    match_confidence
  ) values (
    4006,
    3,
    1001,
    'Canonical second mapping conflict',
    'canonical-second-mapping-conflict',
    '7000000000001',
    'https://retailer-three.test/canonical-second-mapping-conflict',
    'seed',
    100
  );

  perform public.assert_merge_with_decisions_blocked(
    1001,
    1002,
    jsonb_build_object(
      'offerConflicts', jsonb_build_array(
        jsonb_build_object(
          'canonicalOfferId', '2001',
          'candidateOfferId', '2002',
          'decision', 'keep_canonical'
        )
      ),
      'retailerProductConflicts', jsonb_build_array(
        jsonb_build_object(
          'canonicalMappingId', '4001',
          'candidateMappingId', '4002',
          'decision', 'keep_canonical'
        ),
        jsonb_build_object(
          'canonicalMappingId', '4001',
          'candidateMappingId', '4002',
          'decision', 'keep_canonical'
        )
      )
    ),
    'Duplicate retailer product conflict decision'
  );
end;
$$;

do $$
begin
  perform public.reset_merge_decision_test_data();

  perform public.assert_merge_with_decisions_blocked(
    1001,
    1002,
    jsonb_build_object(
      'offerConflicts', jsonb_build_array(
        jsonb_build_object(
          'canonicalOfferId', '2001',
          'candidateOfferId', '2005',
          'decision', 'keep_canonical'
        )
      ),
      'retailerProductConflicts', jsonb_build_array(
        jsonb_build_object(
          'canonicalMappingId', '4001',
          'candidateMappingId', '4002',
          'decision', 'keep_canonical'
        )
      )
    ),
    'Offer conflict decision does not match a detected conflict'
  );
end;
$$;

do $$
begin
  perform public.reset_merge_decision_test_data();

  perform public.assert_merge_with_decisions_blocked(
    1001,
    1002,
    jsonb_build_object(
      'offerConflicts', jsonb_build_array(
        jsonb_build_object(
          'canonicalOfferId', '2001',
          'candidateOfferId', '2002',
          'decision', 'keep_canonical'
        ),
        jsonb_build_object(
          'canonicalOfferId', '2003',
          'candidateOfferId', '2004',
          'decision', 'keep_canonical'
        )
      ),
      'retailerProductConflicts', jsonb_build_array(
        jsonb_build_object(
          'canonicalMappingId', '4001',
          'candidateMappingId', '4002',
          'decision', 'keep_canonical'
        )
      )
    ),
    'Offer conflict decisions must exactly match detected conflicts'
  );
end;
$$;

do $$
begin
  perform public.reset_merge_decision_test_data();

  perform public.assert_merge_with_decisions_blocked(
    1001,
    1002,
    jsonb_build_object(
      'offerConflicts', jsonb_build_array(
        jsonb_build_object(
          'canonicalOfferId', '2001',
          'candidateOfferId', '2002',
          'decision', 'keep_canonical'
        )
      ),
      'retailerProductConflicts', jsonb_build_array(
        jsonb_build_object(
          'canonicalMappingId', '4001',
          'candidateMappingId', '4005',
          'decision', 'keep_canonical'
        )
      )
    ),
    'Retailer product conflict decision does not match a detected conflict'
  );
end;
$$;

do $$
begin
  perform public.reset_merge_decision_test_data();

  update public.offers
  set url = null
  where id = 2004;

  perform public.assert_merge_with_decisions_blocked(
    1001,
    1002,
    public.valid_keep_canonical_decisions(),
    'Merge blocked: kept offer is missing retailer_id or URL'
  );
end;
$$;

do $$
begin
  perform public.reset_merge_decision_test_data();

  perform public.assert_merge_with_decisions_blocked(
    1001,
    1002,
    jsonb_build_object(
      'offerConflicts', jsonb_build_array(
        jsonb_build_object(
          'canonicalOfferId', '2001',
          'candidateOfferId', '2002',
          'decision', 'keep_canonical'
        )
      ),
      'retailerProductConflicts', jsonb_build_array(
        jsonb_build_object(
          'canonicalMappingId', '4001',
          'candidateMappingId', '4002',
          'decision', 'remove_both'
        )
      )
    ),
    'Invalid retailer product conflict decision'
  );
end;
$$;

do $$
declare
  active_before boolean;
  offer_product_before bigint;
  history_offer_before bigint;
begin
  perform public.reset_merge_decision_test_data();

  select is_active into active_before from public.products where id = 1002;
  select product_id into offer_product_before from public.offers where id = 2002;
  select offer_id into history_offer_before from public.price_history where id = 3003;

  perform public.assert_merge_with_decisions_blocked(
    1001,
    1002,
    jsonb_build_object(
      'offerConflicts', jsonb_build_array(
        jsonb_build_object(
          'canonicalOfferId', '2001',
          'candidateOfferId', '2002',
          'decision', 'keep_canonical'
        )
      ),
      'retailerProductConflicts', '[]'::jsonb
    ),
    'Retailer product conflict decisions must exactly match detected conflicts'
  );

  perform public.assert_true((select is_active from public.products where id = 1002) = active_before, 'failed merge should keep candidate active state unchanged.');
  perform public.assert_eq_bigint((select product_id from public.offers where id = 2002), offer_product_before, 'failed merge should roll back offer changes.');
  perform public.assert_eq_bigint((select offer_id from public.price_history where id = 3003), history_offer_before, 'failed merge should roll back price_history changes.');
  perform public.assert_true(not exists (select 1 from public.product_merge_history), 'failed merge should not write audit row.');
end;
$$;
