retailer_name,retailer_website,product_id,product_variant_id,external_product_id,external_variant_id,external_sku,external_options,product_name,variant_name,brand,category,description,image,slug,external_url,affiliate_url,external_gtin,price,shipping_known,shipping_cost,total_price,in_stock,is_for_sale,size,size_unit,flavour,product_format,pack_count,source_updated_at
Fit House,https://fithouse.uk,,,10033449271536,49764030906608,,"{""Flavor"":""pineapple & mango""}",Osavi Collagen & Electrolytes 30 Servings,pineapple & mango / 30servings,Osavi,Health Supplements,,https://cdn.shopify.com/s/files/1/0661/8202/1360/files/Untitleddesign_1_dfd89a89-96fa-4e5a-8a91-93584381f093.jpg?v=1779727641,osavi-collagen-and-electrolytes-30-servings,https://fithouse.uk/products/osavi-collagen-electrolytes-30-servings?variant=49764030906608,https://fithouse.uk/products/osavi-collagen-electrolytes-30-servings?variant=49764030906608,,29.99,true,3.99,33.98,true,true,30,servings,pineapple & mango,powder,1,2026-07-15T13:20:04+01:00
Fit House,https://fithouse.uk,756,,10043011399920,49791502352624,,"{""Flavours"":""Cobra Ki""}",10X Athletic PUMP Non-Stim Pre Workout 50 servings,Cobra Ki / 50servings,10X Athletic,Pre Workout,,https://cdn.shopify.com/s/files/1/0661/8202/1360/files/Untitleddesign_4_dfde6053-d39a-4958-9d55-37c2f669cbd6.png?v=1780407230,10x-athletic-pump-non-stim-pre-workout-50-servings,https://fithouse.uk/products/10x-athletic-pump-non-stim-pre-workout-50-servings?variant=49791502352624,https://fithouse.uk/products/10x-athletic-pump-non-stim-pre-workout-50-servings?variant=49791502352624,,39.99,true,3.99,43.98,false,true,50,servings,Cobra Ki,powder,1,2026-07-15T13:20:04+01:00
Fit House,https://fithouse.uk,,,10043065172208,49791610257648,,"{""Flavour"":""Peach Mango""}",Neutonic Nootropic Focus Blend Powder Sachets 16 Servings,Peach Mango / 16servings,Neutonic,Health Supplements,,https://cdn.shopify.com/s/files/1/0661/8202/1360/files/Untitled_design_13.png?v=1780414214,neutonic-nootropic-focus-blend-powder-sachets-16-servings,https://fithouse.uk/products/neutonic-nootropic-focus-blend-powder-sachets-16-servings?variant=49791610257648,https://fithouse.uk/products/neutonic-nootropic-focus-blend-powder-sachets-16-servings?variant=49791610257648,,24.99,true,3.99,28.98,true,true,16,servings,Peach Mango,powder,1,2026-07-15T13:20:04+01:00
Fit House,https://fithouse.uk,,,10043065172208,49791610290416,,"{""Flavour"":""Wild Berry""}",Neutonic Nootropic Focus Blend Powder Sachets 16 Servings,Wild Berry / 16servings,Neutonic,Health Supplements,,https://cdn.shopify.com/s/files/1/0661/8202/1360/files/Untitleddesign_14_64eed95b-0d93-4a51-b9c4-d6266db855ab.png?v=1780414306,neutonic-nootropic-focus-blend-powder-sachets-16-servings,https://fithouse.uk/products/neutonic-nootropic-focus-blend-powder-sachets-16-servings?variant=49791610290416,https://fithouse.uk/products/neutonic-nootropic-focus-blend-powder-sachets-16-servings?variant=49791610290416,,24.99,true,3.99,28.98,true,true,16,servings,Wild Berry,powder,1,2026-07-15T13:20:04+01:00
Fit House,https://fithouse.uk,,,8142828896496,43567036858608,20,{},MetaHuman Elite Vitamins 120 Capsules,Default,MetaHuman,Vitamins,,https://cdn.shopify.com/s/files/1/0661/8202/1360/products/vitamins.jpg?v=1665831796,metahuman-elite-vitamins-120-capsules,https://fithouse.uk/products/metahuman-elite-vitamins-120-caps?variant=43567036858608,https://fithouse.uk/products/metahuman-elite-vitamins-120-caps?variant=43567036858608,,19.99,true,3.99,23.98,false,true,,,,,,2026-07-15T13:20:04+01:00
Fit House,https://fithouse.uk,,,8144512745712,43571891831024,,"{""1800g 51 Portions"":""Strawberry 1800g""}",Olimp Whey Protein Complex 100% 1800–2270g,Strawberry / 1800g,Olimp,Whey Protein,,https://cdn.shopify.com/s/files/1/0661/8202/1360/products/Untitleddesign_2.jpg?v=1666015306,olimp-whey-protein-complex-100-1800-2270g,https://fithouse.uk/products/olimp-whey-protein-complex-100-1800-g?variant=43571891831024,https://fithouse.uk/products/olimp-whey-protein-complex-100-1800-g?variant=43571891831024,,49.99,true,3.99,53.98,true,true,1800,g,Strawberry,powder,1,2026-07-15T13:20:04+01:00
Fit House,https://fithouse.uk,,,8144512745712,43571891929328,,"{""1800g 51 Portions"":""Blueberry 1800g""}",Olimp Whey Protein Complex 100% 1800–2270g,Blueberry / 1800g,Olimp,Whey Protein,,https://cdn.shopify.com/s/files/1/0661/8202/1360/products/Untitleddesign_2.jpg?v=1666015306,olimp-whey-protein-complex-100-1800-2270g,https://fithouse.uk/products/olimp-whey-protein-complex-100-1800-g?variant=43571891929328,https://fithouse.uk/products/olimp-whey-protein-complex-100-1800-g?variant=43571891929328,,49.99,true,3.99,53.98,true,true,1800,g,Blueberry,powder,1,2026-07-15T13:20:04+01:00
Fit House,https://fithouse.uk,,,8144512745712,43816860909808,,"{""1800g 51 Portions"":""Peanut Butter 1800g""}",Olimp Whey Protein Complex 100% 1800–2270g,Peanut Butter / 1800g,Olimp,Whey Protein,,https://cdn.shopify.com/s/files/1/0661/8202/1360/products/Untitleddesign_2.jpg?v=1666015306,olimp-whey-protein-complex-100-1800-2270g,https://fithouse.uk/products/olimp-whey-protein-complex-100-1800-g?variant=43816860909808,https://fithouse.uk/products/olimp-whey-protein-complex-100-1800-g?variant=43816860909808,,49.99,true,3.99,53.98,false,true,1800,g,Peanut Butter,powder,1,2026-07-15T13:20:04+01:00
Fit House,https://fithouse.uk,,,8144512745712,44122716045552,,"{""1800g 51 Portions"":""Apple Pie 1800g""}",Olimp Whey Protein Complex 100% 1800–2270g,Apple Pie / 1800g,Olimp,Whey Protein,,https://cdn.shopify.com/s/files/1/0661/8202/1360/products/Untitleddesign_2.jpg?v=1666015306,olimp-whey-protein-complex-100-1800-2270g,https://fithouse.uk/products/olimp-whey-protein-complex-100-1800-g?variant=44122716045552,https://fithouse.uk/products/olimp-whey-protein-complex-100-1800-g?variant=44122716045552,,49.99,true,3.99,53.98,false,true,1800,g,Apple Pie,powder,1,2026-07-15T13:20:04+01:00
Fit House,https://fithouse.uk,,,8144512745712,44147173720304,,"{""1800g 51 Portions"":""Chocolate 1800g""}",Olimp Whey Protein Complex 100% 1800–2270g,Chocolate / 1800g,Olimp,Whey Protein,,https://cdn.shopify.com/s/files/1/0661/8202/1360/products/Untitleddesign_2.jpg?v=1666015306,olimp-whey-protein-complex-100-1800-2270g,https://fithouse.uk/products/olimp-whey-protein-complex-100-1800-g?variant=44147173720304,https://fithouse.uk/products/olimp-whey-protein-complex-100-1800-g?variant=44147173720304,,49.99,true,3.99,53.98,false,true,1800,g,Chocolate,powder,1,2026-07-15T13:20:04+01:00
Fit House,https://fithouse.uk,,,8144512745712,44260636721392,,"{""1800g 51 Portions"":""Tiramisu 1800g""}",Olimp Whey Protein Complex 100% 1800–2270g,Tiramisu / 1800g,Olimp,Whey Protein,,https://cdn.shopify.com/s/files/1/0661/8202/1360/products/Untitleddesign_2.jpg?v=1666015306,olimp-whey-protein-complex-100-1800-2270g,https://fithouse.uk/products/olimp-whey-protein-complex-100-1800-g?variant=44260636721392,https://fithouse.uk/products/olimp-whey-protein-complex-100-1800-g?variant=44260636721392,,49.99,true,3.99,53.98,false,true,1800,g,Tiramisu,powder,1,2026-07-15T13:20:04+01:00
Fit House,https://fithouse.uk,,,8144512745712,46935556653296,,"{""1800g 51 Portions"":""Cookies Cream 2270g""}",Olimp Whey Protein Complex 100% 1800–2270g,Cookies Cream / 2270g,Olimp,Whey Protein,,https://cdn.shopify.com/s/files/1/0661/8202/1360/files/whey.jpg?v=1735580091,olimp-whey-protein-complex-100-1800-2270g,https://fithouse.uk/products/olimp-whey-protein-complex-100-1800-g?variant=46935556653296,https://fithouse.uk/products/olimp-whey-protein-complex-100-1800-g?variant=46935556653296,,54.99,true,3.99,58.98,true,true,2270,g,Cookies Cream,powder,1,2026-07-15T13:20:04+01:00
Fit House,https://fithouse.uk,,,8144512745712,46935556686064,,"{""1800g 51 Portions"":""Chocolate 2270g""}",Olimp Whey Protein Complex 100% 1800–2270g,Chocolate / 2270g,Olimp,Whey Protein,,https://cdn.shopify.com/s/files/1/0661/8202/1360/files/whey_bcce1b41-8a7e-4b30-8921-fee16bfbf1e7.jpg?v=1735580151,olimp-whey-protein-complex-100-1800-2270g,https://fithouse.uk/products/olimp-whey-protein-complex-100-1800-g?variant=46935556686064,https://fithouse.uk/products/olimp-whey-protein-complex-100-1800-g?variant=46935556686064,,54.99,true,3.99,58.98,false,true,2270,g,Chocolate,powder,1,2026-07-15T13:20:04+01:00
Fit House,https://fithouse.uk,,,8144512745712,46935556718832,,"{""1800g 51 Portions"":""Chocolate Caramel 2270g""}",Olimp Whey Protein Complex 100% 1800–2270g,Chocolate Caramel / 2270g,Olimp,Whey Protein,,https://cdn.shopify.com/s/files/1/0661/8202/1360/files/whey_621c9ea7-0c1c-4dfa-a21a-25aecb74c6fb.jpg?v=1735580165,olimp-whey-protein-complex-100-1800-2270g,https://fithouse.uk/products/olimp-whey-protein-complex-100-1800-g?variant=46935556718832,https://fithouse.uk/products/olimp-whey-protein-complex-100-1800-g?variant=46935556718832,,54.99,true,3.99,58.98,false,true,2270,g,Chocolate Caramel,powder,1,2026-07-15T13:20:04+01:00
Fit House,https://fithouse.uk,,,8144512745712,46935556751600,,"{""1800g 51 Portions"":""Vanilla Ice Cream 2270g""}",Olimp Whey Protein Complex 100% 1800–2270g,Vanilla Ice Cream / 2270g,Olimp,Whey Protein,,https://cdn.shopify.com/s/files/1/0661/8202/1360/files/whey_46804cbf-9539-4e4e-8268-7a79306b0af1.jpg?v=1735580177,olimp-whey-protein-complex-100-1800-2270g,https://fithouse.uk/products/olimp-whey-protein-complex-100-1800-g?variant=46935556751600,https://fithouse.uk/products/olimp-whey-protein-complex-100-1800-g?variant=46935556751600,,54.99,true,3.99,58.98,false,true,2270,g,Vanilla Ice Cream,powder,1,2026-07-15T13:20:04+01:00
Fit House,https://fithouse.uk,,,8147386859760,43582249337072,10,{},7Nutrition Zinc Citrate 100 Capsules,Default,7Nutrition,Vitamins,,https://cdn.shopify.com/s/files/1/0661/8202/1360/products/Untitleddesign_3_edb1e2c2-f481-4782-9686-c3d22ff460be.jpg?v=1666350099,7nutrition-zinc-citrate-100-capsules,https://fithouse.uk/products/7-nutrition-zinc-citrate-100-caps?variant=43582249337072,https://fithouse.uk/products/7-nutrition-zinc-citrate-100-caps?variant=43582249337072,,7.99,true,3.99,11.98,false,true,,,,,,2026-07-15T13:20:04+01:00
Fit House,https://fithouse.uk,,,8147521536240,43582640783600,10,{},7Nutrition Shilajit Mumio 120 Capsules,Default,7Nutrition,Health Supplements,,https://cdn.shopify.com/s/files/1/0661/8202/1360/products/Untitleddesign_5_3bd66b43-71b8-45b1-aa77-6017039a0923.jpg?v=1666362581,7nutrition-shilajit-mumio-120-capsules,https://fithouse.uk/products/7-nutrition-shlajit-mumio-120-vege-caps?variant=43582640783600,https://fithouse.uk/products/7-nutrition-shlajit-mumio-120-vege-caps?variant=43582640783600,,14.99,true,3.99,18.98,true,true,,,,,,2026-07-15T13:20:04+01:00
Fit House,https://fithouse.uk,68,,8147819069680,43583989973232,,"{""Flavour"":""Belgian Chocolate""}",7Nutrition Whey Isolate 90 1kg,Belgian Chocolate / 1000g,7Nutrition,Whey Protein,,https://cdn.shopify.com/s/files/1/0661/8202/1360/files/Untitleddesign_74.jpg?v=1688386681,7nutrition-whey-isolate-90-1kg,https://fithouse.uk/products/7-nutrition-whey-isolate-90-1kg?variant=43583989973232,https://fithouse.uk/products/7-nutrition-whey-isolate-90-1kg?variant=43583989973232,,36.99,true,3.99,40.98,false,true,1000,g,Belgian Chocolate,powder,1,2026-07-15T13:20:04+01:00
Fit House,https://fithouse.uk,68,,8147819069680,47593698590960,,"{""Flavour"":""Banana""}",7Nutrition Whey Isolate 90 1kg,Banana / 1000g,7Nutrition,Whey Protein,,https://cdn.shopify.com/s/files/1/0661/8202/1360/files/Untitleddesign_74.jpg?v=1688386681,7nutrition-whey-isolate-90-1kg,https://fithouse.uk/products/7-nutrition-whey-isolate-90-1kg?variant=47593698590960,https://fithouse.uk/products/7-nutrition-whey-isolate-90-1kg?variant=47593698590960,,36.99,true,3.99,40.98,false,true,1000,g,Banana,powder,1,2026-07-15T13:20:04+01:00
Fit House,https://fithouse.uk,773,,8151663378672,44066061582576,,"{""flavour"":""Kiwi Strawberry""}",Condemned Labz Convict V2 25 servings,Kiwi Strawberry / 25servings,Condemned Labz,Pre Workout,,https://cdn.shopify.com/s/files/1/0661/8202/1360/files/Untitleddesign_29e7592f-fc32-46b2-8194-2e5986bccef9.jpg?v=1717593218,condemned-labz-convict-v2-25-servings,https://fithouse.uk/products/condemned-labz-convict-50-25-servings?variant=44066061582576,https://fithouse.uk/products/condemned-labz-convict-50-25-servings?variant=44066061582576,,39.99,true,3.99,43.98,false,true,25,servings,Kiwi Strawberry,powder,1,2026-07-15T13:20:04+01:00
Fit House,https://fithouse.uk,,,8151692148976,43599921152240,,{},Condemned Labz Arsynist 60 Capsules,Default,Condemned Labz,Health Supplements,,https://cdn.shopify.com/s/files/1/0661/8202/1360/files/Untitleddesign_1.jpg?v=1712757656,condemned-labz-arsynist-60-capsules,https://fithouse.uk/products/condemned-labz-arsyn-60-caps?variant=43599921152240,https://fithouse.uk/products/condemned-labz-arsyn-60-caps?variant=43599921152240,,39.99,true,3.99,43.98,true,true,,,,,,2026-07-15T13:20:04+01:00
Fit House,https://fithouse.uk,,,8262988988656,44061761044720,,{},Osavi Cod Liver Oil + D3 250 ml Lemon Flavour (Omega 3),Default,Osavi,Vitamins,,https://cdn.shopify.com/s/files/1/0661/8202/1360/files/codliveroil.jpg?v=1682940738,osavi-cod-liver-oil-d3-250-ml-lemon-flavour-omega-3,https://fithouse.uk/products/osavi-cod-liver-oil-250-ml-orange-flavour-omega-3?variant=44061761044720,https://fithouse.uk/products/osavi-cod-liver-oil-250-ml-orange-flavour-omega-3?variant=44061761044720,,14.99,true,3.99,18.98,true,true,,,,,,2026-07-15T13:20:04+01:00
Fit House,https://fithouse.uk,,,8264696103152,44066164769008,,"{""flavour"":""Mother Pucker""}",Kilo Labs Stim Thug 20 servings,Mother Pucker / 20servings,Kilo Labs,Pre Workout,,https://cdn.shopify.com/s/files/1/0661/8202/1360/files/Untitleddesign_29_d34c401c-dc4e-4a10-8089-c8419758e42e.jpg?v=1683210532,kilo-labs-stim-thug-20-servings,https://fithouse.uk/products/kilo-labs-stim-thug-20-servings?variant=44066164769008,https://fithouse.uk/products/kilo-labs-stim-thug-20-servings?variant=44066164769008,,39.99,true,3.99,43.98,false,true,20,servings,Mother Pucker,powder,1,2026-07-15T13:20:04+01:00
Fit House,https://fithouse.uk,,,8264696103152,44066164801776,,"{""flavour"":""Still Sippin - Watermelon & Peach""}",Kilo Labs Stim Thug 20 servings,Still Sippin - Watermelon & Peach / 20servings,Kilo Labs,Pre Workout,,https://cdn.shopify.com/s/files/1/0661/8202/1360/files/Untitleddesign_29_d34c401c-dc4e-4a10-8089-c8419758e42e.jpg?v=1683210532,kilo-labs-stim-thug-20-servings,https://fithouse.uk/products/kilo-labs-stim-thug-20-servings?variant=44066164801776,https://fithouse.uk/products/kilo-labs-stim-thug-20-servings?variant=44066164801776,,39.99,true,3.99,43.98,false,true,20,servings,Still Sippin - Watermelon & Peach,powder,1,2026-07-15T13:20:04+01:00
Fit House,https://fithouse.uk,,,8264696103152,44267064164592,,"{""flavour"":""Slay My Name - Dragonfruit""}",Kilo Labs Stim Thug 20 servings,Slay My Name - Dragonfruit / 20servings,Kilo Labs,Pre Workout,,https://cdn.shopify.com/s/files/1/0661/8202/1360/files/Untitleddesign_29_d34c401c-dc4e-4a10-8089-c8419758e42e.jpg?v=1683210532,kilo-labs-stim-thug-20-servings,https://fithouse.uk/products/kilo-labs-stim-thug-20-servings?variant=44267064164592,https://fithouse.uk/products/kilo-labs-stim-thug-20-servings?variant=44267064164592,,39.99,true,3.99,43.98,false,true,20,servings,Slay My Name - Dragonfruit,powder,1,2026-07-15T13:20:04+01:00
Fit House,https://fithouse.uk,,,8264696103152,46849622868208,,"{""flavour"":""It Was All A Dream""}",Kilo Labs Stim Thug 20 servings,It Was All A Dream / 20servings,Kilo Labs,Pre Workout,,https://cdn.shopify.com/s/files/1/0661/8202/1360/files/Untitleddesign_29_d34c401c-dc4e-4a10-8089-c8419758e42e.jpg?v=1683210532,kilo-labs-stim-thug-20-servings,https://fithouse.uk/products/kilo-labs-stim-thug-20-servings?variant=46849622868208,https://fithouse.uk/products/kilo-labs-stim-thug-20-servings?variant=46849622868208,,39.99,true,3.99,43.98,false,true,20,servings,It Was All A Dream,powder,1,2026-07-15T13:20:04+01:00
Fit House,https://fithouse.uk,,,8264696103152,47593676472560,,"{""flavour"":""Strawberry Lemonade""}",Kilo Labs Stim Thug 20 servings,Strawberry Lemonade / 20servings,Kilo Labs,Pre Workout,,https://cdn.shopify.com/s/files/1/0661/8202/1360/files/Untitleddesign_29_d34c401c-dc4e-4a10-8089-c8419758e42e.jpg?v=1683210532,kilo-labs-stim-thug-20-servings,https://fithouse.uk/products/kilo-labs-stim-thug-20-servings?variant=47593676472560,https://fithouse.uk/products/kilo-labs-stim-thug-20-servings?variant=47593676472560,,39.99,true,3.99,43.98,false,true,20,servings,Strawberry Lemonade,powder,1,2026-07-15T13:20:04+01:00
Fit House,https://fithouse.uk,,,8271072821488,44085204025584,,{},Animal Flex 44 packs,Default,Animal,Health Supplements,,https://cdn.shopify.com/s/files/1/0661/8202/1360/files/Untitleddesign_650f744b-ba45-462a-a74a-af1f8876c3d0.jpg?v=1779877511,animal-flex-44-packs,https://fithouse.uk/products/animal-flex-44-packs?variant=44085204025584,https://fithouse.uk/products/animal-flex-44-packs?variant=44085204025584,,46.99,true,3.99,50.98,true,true,,,,,,2026-07-15T13:20:04+01:00
Fit House,https://fithouse.uk,,,8271486812400,44086506455280,,{},7Nutrition L-Glutathione 90 Capsules,Default,7Nutrition,Amino Acids,,https://cdn.shopify.com/s/files/1/0661/8202/1360/files/Untitleddesign_44.jpg?v=1684500522,7nutrition-l-glutathione-90-capsules,https://fithouse.uk/products/7-nutrition-l-glutthione-90-vege-cap?variant=44086506455280,https://fithouse.uk/products/7-nutrition-l-glutthione-90-vege-cap?variant=44086506455280,,24.99,true,3.99,28.98,false,true,,,,,,2026-07-15T13:20:04+01:00
Fit House,https://fithouse.uk,,,8273802395888,44093690675440,,"{""Flavour"":""Caramel Choco""}",Barebells Protein Bar 55g,Caramel Choco / 55g,Barebells,Protein Bars,,https://cdn.shopify.com/s/files/1/0661/8202/1360/products/5_NUTRITIONCREA-TEN-LEGENDARYSERIESCreatineisusuallyoneofthefirstsupplementsanathletewilltry.Infact_it_ssopopularit_sacornerstoneproductinthesupplementarsenalofmanyadvanc_17.jpg?v=1684933585,barebells-protein-bar-55g,https://fithouse.uk/products/barebells-protein-bar?variant=44093690675440,https://fithouse.uk/products/barebells-protein-bar?variant=44093690675440,,2.50,true,3.99,6.49,false,true,55,g,Caramel Choco,bar,1,2026-07-15T13:20:04+01:00
Fit House,https://fithouse.uk,,,8273802395888,44093690708208,,"{""Flavour"":""Peanut Caramel""}",Barebells Protein Bar 55g,Peanut Caramel / 55g,Barebells,Protein Bars,,https://cdn.shopify.com/s/files/1/0661/8202/1360/products/5_NUTRITIONCREA-TEN-LEGENDARYSERIESCreatineisusuallyoneofthefirstsupplementsanathletewilltry.Infact_it_ssopopularit_sacornerstoneproductinthesupplementarsenalofmanyadvanc_18.jpg?v=1684933845,barebells-protein-bar-55g,https://fithouse.uk/products/barebells-protein-bar?variant=44093690708208,https://fithouse.uk/products/barebells-protein-bar?variant=44093690708208,,2.50,true,3.99,6.49,false,true,55,g,Peanut Caramel,bar,1,2026-07-15T13:20:04+01:00
Fit House,https://fithouse.uk,,,8273802395888,45781468872944,,"{""Flavour"":""Coco Choco""}",Barebells Protein Bar 55g,Coco Choco / 55g,Barebells,Protein Bars,,https://cdn.shopify.com/s/files/1/0661/8202/1360/files/SupplementFactsServingSize1VeggieCapsuleAmountPerServing_DailyValueThiamin_asthiaminHCL_vitaminB1_3mg250_Riboflavin_vitaminB2_3.4mg262_Niacin_asniacinamide_40mg250_17.jpg?v=1713457425,barebells-protein-bar-55g,https://fithouse.uk/products/barebells-protein-bar?variant=45781468872944,https://fithouse.uk/products/barebells-protein-bar?variant=45781468872944,,2.50,true,3.99,6.49,false,true,55,g,Coco Choco,bar,1,2026-07-15T13:20:04+01:00
Fit House,https://fithouse.uk,,,8273802395888,45781468905712,,"{""Flavour"":""Banana Dream""}",Barebells Protein Bar 55g,Banana Dream / 55g,Barebells,Protein Bars,,https://cdn.shopify.com/s/files/1/0661/8202/1360/files/SupplementFactsServingSize1VeggieCapsuleAmountPerServing_DailyValueThiamin_asthiaminHCL_vitaminB1_3mg250_Riboflavin_vitaminB2_3.4mg262_Niacin_asniacinamide_40mg250_16.jpg?v=1713457409,barebells-protein-bar-55g,https://fithouse.uk/products/barebells-protein-bar?variant=45781468905712,https://fithouse.uk/products/barebells-protein-bar?variant=45781468905712,,2.50,true,3.99,6.49,false,true,55,g,Banana Dream,bar,1,2026-07-15T13:20:04+01:00
Fit House,https://fithouse.uk,,,8279887610096,44112057598192,,{},Nordic Labs Long Jack Tongkat Ali 60 Capsules,Default,Nordic Labs,Health Supplements,,https://cdn.shopify.com/s/files/1/0661/8202/1360/files/Untitleddesign_57.jpg?v=1686221153,nordic-labs-long-jack-tongkat-ali-60-capsules,https://fithouse.uk/products/nordic-labs-long-jack-tongkat-ali-60-caps?variant=44112057598192,https://fithouse.uk/products/nordic-labs-long-jack-tongkat-ali-60-caps?variant=44112057598192,,24.99,true,3.99,28.98,true,true,,,,,,2026-07-15T13:20:04+01:00
Fit House,https://fithouse.uk,,,8279896031472,44112097902832,,{},Nordic Labs Kanna Relief 60 Capsules,Default,Nordic Labs,Health Supplements,,https://cdn.shopify.com/s/files/1/0661/8202/1360/files/Untitleddesign_58.jpg?v=1686221641,nordic-labs-kanna-relief-60-capsules,https://fithouse.uk/products/nordic-labs-kanna-relief-60-vege-caps?variant=44112097902832,https://fithouse.uk/products/nordic-labs-kanna-relief-60-vege-caps?variant=44112097902832,,19.99,true,3.99,23.98,true,true,,,,,,2026-07-15T13:20:04+01:00
Fit House,https://fithouse.uk,,,8291604234480,44147266650352,,"{""flavour"":""Natural""}",7Nutrition Whey Isolate 90 500g,Natural / 500g,7Nutrition,Whey Protein,,https://cdn.shopify.com/s/files/1/0661/8202/1360/files/Untitleddesign_75.jpg?v=1688392617,7nutrition-whey-isolate-90-500g,https://fithouse.uk/products/7-nutrition-whey-isolate-90-500g?variant=44147266650352,https://fithouse.uk/products/7-nutrition-whey-isolate-90-500g?variant=44147266650352,,19.99,true,3.99,23.98,false,true,500,g,Natural,powder,1,2026-07-15T13:20:04+01:00
Fit House,https://fithouse.uk,,,8291604234480,44147266683120,,"{""flavour"":""White Chocolate""}",7Nutrition Whey Isolate 90 500g,White Chocolate / 500g,7Nutrition,Whey Protein,,https://cdn.shopify.com/s/files/1/0661/8202/1360/files/Untitleddesign_75.jpg?v=1688392617,7nutrition-whey-isolate-90-500g,https://fithouse.uk/products/7-nutrition-whey-isolate-90-500g?variant=44147266683120,https://fithouse.uk/products/7-nutrition-whey-isolate-90-500g?variant=44147266683120,,19.99,true,3.99,23.98,true,true,500,g,White Chocolate,powder,1,2026-07-15T13:20:04+01:00
Fit House,https://fithouse.uk,,,8291604234480,44147266715888,,"{""flavour"":""Cookies & Cream""}",7Nutrition Whey Isolate 90 500g,Cookies & Cream / 500g,7Nutrition,Whey Protein,,https://cdn.shopify.com/s/files/1/0661/8202/1360/files/Untitleddesign_75.jpg?v=1688392617,7nutrition-whey-isolate-90-500g,https://fithouse.uk/products/7-nutrition-whey-isolate-90-500g?variant=44147266715888,https://fithouse.uk/products/7-nutrition-whey-isolate-90-500g?variant=44147266715888,,19.99,true,3.99,23.98,false,true,500,g,Cookies & Cream,powder,1,2026-07-15T13:20:04+01:00
Fit House,https://fithouse.uk,,,8291604234480,47789290488048,,"{""flavour"":""Strawberry""}",7Nutrition Whey Isolate 90 500g,Strawberry / 500g,7Nutrition,Whey Protein,,https://cdn.shopify.com/s/files/1/0661/8202/1360/files/Untitleddesign_75.jpg?v=1688392617,7nutrition-whey-isolate-90-500g,https://fithouse.uk/products/7-nutrition-whey-isolate-90-500g?variant=47789290488048,https://fithouse.uk/products/7-nutrition-whey-isolate-90-500g?variant=47789290488048,,19.99,true,3.99,23.98,true,true,500,g,Strawberry,powder,1,2026-07-15T13:20:04+01:00
Fit House,https://fithouse.uk,,,8291604234480,47789290520816,,"{""flavour"":""Chocolate""}",7Nutrition Whey Isolate 90 500g,Chocolate / 500g,7Nutrition,Whey Protein,,https://cdn.shopify.com/s/files/1/0661/8202/1360/files/Untitleddesign_75.jpg?v=1688392617,7nutrition-whey-isolate-90-500g,https://fithouse.uk/products/7-nutrition-whey-isolate-90-500g?variant=47789290520816,https://fithouse.uk/products/7-nutrition-whey-isolate-90-500g?variant=47789290520816,,19.99,true,3.99,23.98,true,true,500,g,Chocolate,powder,1,2026-07-15T13:20:04+01:00
Fit House,https://fithouse.uk,,,8291615637744,44147305251056,,{},7Nutrition Melatonin 1mg 60 Capsules,Default,7Nutrition,Health Supplements,,https://cdn.shopify.com/s/files/1/0661/8202/1360/files/Untitleddesign_76.jpg?v=1688397543,7nutrition-melatonin-1mg-60-capsules,https://fithouse.uk/products/7-nutrition-melatonin-1mg-60-vege-caps?variant=44147305251056,https://fithouse.uk/products/7-nutrition-melatonin-1mg-60-vege-caps?variant=44147305251056,,8.99,true,3.99,12.98,true,true,,,,,,2026-07-15T13:20:04+01:00
Fit House,https://fithouse.uk,521,488,8291618619632,44147312591088,,{},Olimp Vita-Min Multiple Sport  60 Capsules,Default,Olimp,Health Supplements,,https://cdn.shopify.com/s/files/1/0661/8202/1360/files/Untitleddesign_77.jpg?v=1688399045,olimp-vita-min-multiple-sport--60-capsules,https://fithouse.uk/products/olimp-vita-min-multiple-sport-60-caps?variant=44147312591088,https://fithouse.uk/products/olimp-vita-min-multiple-sport-60-caps?variant=44147312591088,,12.99,true,3.99,16.98,false,true,,,,,,2026-07-15T13:20:04+01:00
Fit House,https://fithouse.uk,429,391,8293829509360,44155400061168,,{},GYM HIGH Testo Pro 180 Capsules,Default,GYM HIGH,Health Supplements,,https://cdn.shopify.com/s/files/1/0661/8202/1360/files/Untitleddesign_97.jpg?v=1689001408,gym-high-testo-pro-180-capsules,https://fithouse.uk/products/gym-high-testo-pro-180-caps?variant=44155400061168,https://fithouse.uk/products/gym-high-testo-pro-180-caps?variant=44155400061168,,45.99,true,3.99,49.98,true,true,,,,,,2026-07-15T13:20:04+01:00
Fit House,https://fithouse.uk,517,,8318574264560,44220211134704,,"{""flavour"":""Cookies and Cream""}",Mutant Mass (Mass Gainer) 2.27kg,Cookies and Cream / 2270g,Mutant,Mass Gainer,,https://cdn.shopify.com/s/files/1/0661/8202/1360/files/Untitleddesign_3_22c525d6-decb-418e-9af4-d7e0cb5c1021.jpg?v=1778516265,mutant-mass-mass-gainer-227kg,https://fithouse.uk/products/mutant-mass-2-27-kg?variant=44220211134704,https://fithouse.uk/products/mutant-mass-2-27-kg?variant=44220211134704,,31.99,true,3.99,35.98,false,true,2270,g,Cookies and Cream,powder,1,2026-07-15T13:20:04+01:00
Fit House,https://fithouse.uk,517,,8318574264560,44220211167472,,"{""flavour"":""Vanilla Ice Cream""}",Mutant Mass (Mass Gainer) 2.27kg,Vanilla Ice Cream / 2270g,Mutant,Mass Gainer,,https://cdn.shopify.com/s/files/1/0661/8202/1360/files/Untitleddesign_3_22c525d6-decb-418e-9af4-d7e0cb5c1021.jpg?v=1778516265,mutant-mass-mass-gainer-227kg,https://fithouse.uk/products/mutant-mass-2-27-kg?variant=44220211167472,https://fithouse.uk/products/mutant-mass-2-27-kg?variant=44220211167472,,31.99,true,3.99,35.98,true,true,2270,g,Vanilla Ice Cream,powder,1,2026-07-15T13:20:04+01:00
Fit House,https://fithouse.uk,,,8334299660528,44264927658224,,"{""flavour"":""Jammy Biscuit""}",Per4m Whey Advanced Protein 2010g,Jammy Biscuit / 2010g,Per4m,Whey Protein,,https://cdn.shopify.com/s/files/1/0661/8202/1360/files/Untitled_design_3_115f6906-7c02-4094-8c69-66a93b648f20.jpg?v=1718189514,per4m-whey-advanced-protein-2010g,https://fithouse.uk/products/per4m-whey-advanced-protein-2010g?variant=44264927658224,https://fithouse.uk/products/per4m-whey-advanced-protein-2010g?variant=44264927658224,,49.99,true,3.99,53.98,false,true,2010,g,Jammy Biscuit,powder,1,2026-07-15T13:20:04+01:00
Fit House,https://fithouse.uk,,,8334299660528,44264927690992,,"{""flavour"":""Carmel Biscuit""}",Per4m Whey Advanced Protein 2010g,Carmel Biscuit / 2010g,Per4m,Whey Protein,,https://cdn.shopify.com/s/files/1/0661/8202/1360/files/Untitleddesign-2023-10-06T141428.795.jpg?v=1696599330,per4m-whey-advanced-protein-2010g,https://fithouse.uk/products/per4m-whey-advanced-protein-2010g?variant=44264927690992,https://fithouse.uk/products/per4m-whey-advanced-protein-2010g?variant=44264927690992,,49.99,true,3.99,53.98,false,true,2010,g,Carmel Biscuit,powder,1,2026-07-15T13:20:04+01:00
Fit House,https://fithouse.uk,,,8334299660528,44264927723760,,"{""flavour"":""White Chocolate Hazelnut""}",Per4m Whey Advanced Protein 2010g,White Chocolate Hazelnut / 2010g,Per4m,Whey Protein,,https://cdn.shopify.com/s/files/1/0661/8202/1360/files/Untitled_design_2_486c2fca-bb49-402c-a46b-318d47254c55.jpg?v=1718189608,per4m-whey-advanced-protein-2010g,https://fithouse.uk/products/per4m-whey-advanced-protein-2010g?variant=44264927723760,https://fithouse.uk/products/per4m-whey-advanced-protein-2010g?variant=44264927723760,,49.99,true,3.99,53.98,true,true,2010,g,White Chocolate Hazelnut,powder,1,2026-07-15T13:20:04+01:00
Fit House,https://fithouse.uk,,,8334299660528,44264927756528,,"{""flavour"":""Chocolate Brownie Batter""}",Per4m Whey Advanced Protein 2010g,Chocolate Brownie Batter / 2010g,Per4m,Whey Protein,,https://cdn.shopify.com/s/files/1/0661/8202/1360/files/Untitleddesign-2023-10-06T141428.795.jpg?v=1696599330,per4m-whey-advanced-protein-2010g,https://fithouse.uk/products/per4m-whey-advanced-protein-2010g?variant=44264927756528,https://fithouse.uk/products/per4m-whey-advanced-protein-2010g?variant=44264927756528,,49.99,true,3.99,53.98,true,true,2010,g,Chocolate Brownie Batter,powder,1,2026-07-15T13:20:04+01:00
Fit House,https://fithouse.uk,,,8334299660528,46256932225264,,"{""flavour"":""Banana Creme""}",Per4m Whey Advanced Protein 2010g,Banana Creme / 2010g,Per4m,Whey Protein,,https://cdn.shopify.com/s/files/1/0661/8202/1360/files/Untitled_design_8_f8e13b46-3198-4e62-ba99-a7fcac473b89.jpg?v=1719578108,per4m-whey-advanced-protein-2010g,https://fithouse.uk/products/per4m-whey-advanced-protein-2010g?variant=46256932225264,https://fithouse.uk/products/per4m-whey-advanced-protein-2010g?variant=46256932225264,,49.99,true,3.99,53.98,true,true,2010,g,Banana Creme,powder,1,2026-07-15T13:20:04+01:00
Fit House,https://fithouse.uk,,,8334299660528,46256932258032,,"{""flavour"":""Vanilla Creme""}",Per4m Whey Advanced Protein 2010g,Vanilla Creme / 2010g,Per4m,Whey Protein,,https://cdn.shopify.com/s/files/1/0661/8202/1360/files/Untitled_design_7_3ea1b6d8-e383-4098-a248-e200bfa97753.jpg?v=1719578127,per4m-whey-advanced-protein-2010g,https://fithouse.uk/products/per4m-whey-advanced-protein-2010g?variant=46256932258032,https://fithouse.uk/products/per4m-whey-advanced-protein-2010g?variant=46256932258032,,49.99,true,3.99,53.98,false,true,2010,g,Vanilla Creme,powder,1,2026-07-15T13:20:04+01:00
Fit House,https://fithouse.uk,,,8334299660528,46256932290800,,"{""flavour"":""Chocotella""}",Per4m Whey Advanced Protein 2010g,Chocotella / 2010g,Per4m,Whey Protein,,https://cdn.shopify.com/s/files/1/0661/8202/1360/files/Untitled_design_6_fd2dafa5-5075-4988-9cf4-6707ec208020.jpg?v=1719578144,per4m-whey-advanced-protein-2010g,https://fithouse.uk/products/per4m-whey-advanced-protein-2010g?variant=46256932290800,https://fithouse.uk/products/per4m-whey-advanced-protein-2010g?variant=46256932290800,,49.99,true,3.99,53.98,true,true,2010,g,Chocotella,powder,1,2026-07-15T13:20:04+01:00
Fit House,https://fithouse.uk,,,8334299660528,47879414481136,,"{""flavour"":""Strawberry Creme""}",Per4m Whey Advanced Protein 2010g,Strawberry Creme / 2010g,Per4m,Whey Protein,,https://cdn.shopify.com/s/files/1/0661/8202/1360/files/Untitleddesign-2023-10-06T141428.795.jpg?v=1696599330,per4m-whey-advanced-protein-2010g,https://fithouse.uk/products/per4m-whey-advanced-protein-2010g?variant=47879414481136,https://fithouse.uk/products/per4m-whey-advanced-protein-2010g?variant=47879414481136,,49.99,true,3.99,53.98,true,true,2010,g,Strawberry Creme,powder,1,2026-07-15T13:20:04+01:00
Fit House,https://fithouse.uk,,,8334867103984,44267408589040,,"{""flavour"":""Jelly Bean""}",HR Labs Defib v3 40/20 servings,Jelly Bean,HR Labs,Pre Workout,,https://cdn.shopify.com/s/files/1/0661/8202/1360/files/Untitleddesign-2023-10-07T113557.299.jpg?v=1696675213,hr-labs-defib-v3-40-20-servings,https://fithouse.uk/products/hr-labs-defib-v3-40-20-servings?variant=44267408589040,https://fithouse.uk/products/hr-labs-defib-v3-40-20-servings?variant=44267408589040,,34.99,true,3.99,38.98,true,true,,,Jelly Bean,powder,1,2026-07-15T13:20:04+01:00
Fit House,https://fithouse.uk,,,8334867103984,44267408851184,,"{""flavour"":""Iced Blue Slush""}",HR Labs Defib v3 40/20 servings,Iced Blue Slush,HR Labs,Pre Workout,,https://cdn.shopify.com/s/files/1/0661/8202/1360/files/Untitleddesign-2023-10-07T113557.299.jpg?v=1696675213,hr-labs-defib-v3-40-20-servings,https://fithouse.uk/products/hr-labs-defib-v3-40-20-servings?variant=44267408851184,https://fithouse.uk/products/hr-labs-defib-v3-40-20-servings?variant=44267408851184,,24.99,true,3.99,28.98,false,true,,,Iced Blue Slush,powder,1,2026-07-15T13:20:04+01:00
Fit House,https://fithouse.uk,,,8334867103984,46876488302832,,"{""flavour"":""Cherryade""}",HR Labs Defib v3 40/20 servings,Cherryade,HR Labs,Pre Workout,,https://cdn.shopify.com/s/files/1/0661/8202/1360/files/Untitleddesign-2023-10-07T113557.299.jpg?v=1696675213,hr-labs-defib-v3-40-20-servings,https://fithouse.uk/products/hr-labs-defib-v3-40-20-servings?variant=46876488302832,https://fithouse.uk/products/hr-labs-defib-v3-40-20-servings?variant=46876488302832,,24.99,true,3.99,28.98,false,true,,,Cherryade,powder,1,2026-07-15T13:20:04+01:00
Fit House,https://fithouse.uk,,,8341423587568,44288495091952,,{},Gym High CREA-4 Elite 60 servings,Default,GYM HIGH,Creatine,,https://cdn.shopify.com/s/files/1/0661/8202/1360/files/Untitleddesign-2023-10-13T144627.816.jpg?v=1697205423,gym-high-crea-4-elite-60-servings,https://fithouse.uk/products/gym-high-crea-4-elite-60-servings?variant=44288495091952,https://fithouse.uk/products/gym-high-crea-4-elite-60-servings?variant=44288495091952,,25.99,true,3.99,29.98,true,true,,,,,,2026-07-15T13:20:04+01:00
Fit House,https://fithouse.uk,,,8472175935728,44962322710768,,{},Kilo Labs Thiquid 25 servings,Default,Kilo Labs,Pre Workout,,https://cdn.shopify.com/s/files/1/0661/8202/1360/files/Untitleddesign-2024-01-17T141956.280.jpg?v=1705501556,kilo-labs-thiquid-25-servings,https://fithouse.uk/products/kilo-labs-thiquid-25-servings?variant=44962322710768,https://fithouse.uk/products/kilo-labs-thiquid-25-servings?variant=44962322710768,,39.99,true,3.99,43.98,true,true,,,,,,2026-07-15T13:20:04+01:00
Fit House,https://fithouse.uk,,,8472257462512,44963073982704,,"{""flavour"":""Kiwi (Kennedy's Kiwi)""}",NMP Nutraceuticals Presidential Pre 50/25 Servings,Kiwi (Kennedy's Kiwi),NMP Nutraceuticals,Pre Workout,,https://cdn.shopify.com/s/files/1/0661/8202/1360/files/Untitleddesign-2024-01-17T163635.282.jpg?v=1705509721,nmp-nutraceuticals-presidential-pre-50-25-servings,https://fithouse.uk/products/nmp-nutraceuticals-presidental-pre-50-25-servings?variant=44963073982704,https://fithouse.uk/products/nmp-nutraceuticals-presidental-pre-50-25-servings?variant=44963073982704,,24.99,true,3.99,28.98,false,true,,,Kiwi (Kennedy's Kiwi),powder,1,2026-07-15T13:20:04+01:00
Fit House,https://fithouse.uk,,,8472257462512,44963074015472,,"{""flavour"":""Orange Creamsicle (Trump's Taning Lotion)""}",NMP Nutraceuticals Presidential Pre 50/25 Servings,Orange Creamsicle (Trump's Taning Lotion),NMP Nutraceuticals,Pre Workout,,https://cdn.shopify.com/s/files/1/0661/8202/1360/files/Untitleddesign-2024-01-17T163635.282.jpg?v=1705509721,nmp-nutraceuticals-presidential-pre-50-25-servings,https://fithouse.uk/products/nmp-nutraceuticals-presidental-pre-50-25-servings?variant=44963074015472,https://fithouse.uk/products/nmp-nutraceuticals-presidental-pre-50-25-servings?variant=44963074015472,,24.99,true,3.99,28.98,false,true,,,Orange Creamsicle (Trump's Taning Lotion),powder,1,2026-07-15T13:20:04+01:00
Fit House,https://fithouse.uk,,,8472287346928,44963358540016,,"{""flavour"":""Grape""}",NMP Nutraceuticals Liberty Swell 25 servings,Grape / 25servings,NMP Nutraceuticals,Pre Workout,,https://cdn.shopify.com/s/files/1/0661/8202/1360/files/Untitleddesign_27.png?v=1779206557,nmp-nutraceuticals-liberty-swell-25-servings,https://fithouse.uk/products/nmp-nutraceuticals-liberty-swell-25-servings?variant=44963358540016,https://fithouse.uk/products/nmp-nutraceuticals-liberty-swell-25-servings?variant=44963358540016,,24.99,true,3.99,28.98,true,true,25,servings,Grape,powder,1,2026-07-15T13:20:04+01:00
Fit House,https://fithouse.uk,,,8472287346928,44963358572784,,"{""flavour"":""Apple""}",NMP Nutraceuticals Liberty Swell 25 servings,Apple / 25servings,NMP Nutraceuticals,Pre Workout,,https://cdn.shopify.com/s/files/1/0661/8202/1360/files/Untitleddesign_28.png?v=1779206560,nmp-nutraceuticals-liberty-swell-25-servings,https://fithouse.uk/products/nmp-nutraceuticals-liberty-swell-25-servings?variant=44963358572784,https://fithouse.uk/products/nmp-nutraceuticals-liberty-swell-25-servings?variant=44963358572784,,24.99,true,3.99,28.98,true,true,25,servings,Apple,powder,1,2026-07-15T13:20:04+01:00
Fit House,https://fithouse.uk,,,8493548634352,45060399366384,,{},Nordic Labs TestX Pro Turkesterone 60 Capsules,Default,Nordic Labs,Health Supplements,,https://cdn.shopify.com/s/files/1/0661/8202/1360/files/Untitleddesign-2024-02-09T161032.164.jpg?v=1707495621,nordic-labs-testx-pro-turkesterone-60-capsules,https://fithouse.uk/products/nordic-labs-testx-pro-turkesterone-60-caps?variant=45060399366384,https://fithouse.uk/products/nordic-labs-testx-pro-turkesterone-60-caps?variant=45060399366384,,39.99,true,3.99,43.98,true,true,,,,,,2026-07-15T13:20:04+01:00
Fit House,https://fithouse.uk,,,8511380390128,45127862452464,,{},Osavi Colostrum Immuno 800 mg 60 Capsules,Default,Osavi,Health Supplements,,https://cdn.shopify.com/s/files/1/0661/8202/1360/files/Untitleddesign_2_5261cc5b-4dee-4c1f-be85-3a788a93012a.jpg?v=1782922051,osavi-colostrum-immuno-800-mg-60-capsules,https://fithouse.uk/products/osavi-colostrum-1000-mg-60-caps?variant=45127862452464,https://fithouse.uk/products/osavi-colostrum-1000-mg-60-caps?variant=45127862452464,,13.99,true,3.99,17.98,true,true,,,,,,2026-07-15T13:20:04+01:00
Fit House,https://fithouse.uk,,,8520928100592,45150301618416,,{},Osavi Zinc+Copper 60 Capsules,Default,Osavi,Vitamins,,https://cdn.shopify.com/s/files/1/0661/8202/1360/files/Untitleddesign_77c3dcac-5527-42a2-81a3-efd1c57d6b6e.jpg?v=1782924612,osavi-zinc-copper-60-capsules,https://fithouse.uk/products/osavi-zinc-copper-120-vege-caps?variant=45150301618416,https://fithouse.uk/products/osavi-zinc-copper-120-vege-caps?variant=45150301618416,,9.99,true,3.99,13.98,true,true,,,,,,2026-07-15T13:20:04+01:00
Fit House,https://fithouse.uk,,,8522813571312,45160981823728,,{},Doctor's Best Magnesium Lysinate Glycinate 240 tablets,Default,Doctor's Best,Health Supplements,,https://cdn.shopify.com/s/files/1/0661/8202/1360/files/Untitleddesign_b9d7a6a6-9435-416f-8b7e-b71f39b23dac.jpg?v=1734697904,doctor-s-best-magnesium-lysinate-glycinate-240-tablets,https://fithouse.uk/products/doctors-best-magnesiumlysinate-glycinate-120-vege-caps?variant=45160981823728,https://fithouse.uk/products/doctors-best-magnesiumlysinate-glycinate-120-vege-caps?variant=45160981823728,,26.99,true,3.99,30.98,true,true,,,,,,2026-07-15T13:20:04+01:00
Fit House,https://fithouse.uk,,,8544510640368,45221064147184,,{},Swanson P-5-P Double Strength 40 mg 60 Capsules,Default,Swanson,Vitamins,,https://cdn.shopify.com/s/files/1/0661/8202/1360/files/Untitleddesign-2024-03-08T145525.337.jpg?v=1709910228,swanson-p-5-p-double-strength-40-mg-60-capsules,https://fithouse.uk/products/swanson-p-5-p-double-strength-40-mg-60-caps?variant=45221064147184,https://fithouse.uk/products/swanson-p-5-p-double-strength-40-mg-60-caps?variant=45221064147184,,6.99,true,3.99,10.98,false,true,,,,,,2026-07-15T13:20:04+01:00
Fit House,https://fithouse.uk,328,1825,8640456491248,45643095539952,,"{""flavour"":""Salted Carmel""}",Per4m Isolate Zero 900g,Salted Caramel / 900g,Per4m,Health Supplements,,https://cdn.shopify.com/s/files/1/0661/8202/1360/files/Untitled_design_4_3891c123-03de-4b52-a0e0-9b0e455abbc4.jpg?v=1718190307,per4m-isolate-zero-900g,https://fithouse.uk/products/per4m-isolate-zero-900g?variant=45643095539952,https://fithouse.uk/products/per4m-isolate-zero-900g?variant=45643095539952,,39.99,true,3.99,43.98,false,true,900,g,Salted Caramel,powder,1,2026-07-15T13:20:04+01:00
Fit House,https://fithouse.uk,328,,8640456491248,45643095572720,,"{""flavour"":""Strawberry Creme""}",Per4m Isolate Zero 900g,Strawberry Creme / 900g,Per4m,Health Supplements,,https://cdn.shopify.com/s/files/1/0661/8202/1360/files/Untitleddesign_4.jpg?v=1712761816,per4m-isolate-zero-900g,https://fithouse.uk/products/per4m-isolate-zero-900g?variant=45643095572720,https://fithouse.uk/products/per4m-isolate-zero-900g?variant=45643095572720,,39.99,true,3.99,43.98,false,true,900,g,Strawberry Creme,powder,1,2026-07-15T13:20:04+01:00
Fit House,https://fithouse.uk,328,,8640456491248,47464460976368,,"{""flavour"":""Dubai Chocolate""}",Per4m Isolate Zero 900g,Dubai Chocolate / 900g,Per4m,Health Supplements,,https://cdn.shopify.com/s/files/1/0661/8202/1360/files/Untitled_design_1.png?v=1745232805,per4m-isolate-zero-900g,https://fithouse.uk/products/per4m-isolate-zero-900g?variant=47464460976368,https://fithouse.uk/products/per4m-isolate-zero-900g?variant=47464460976368,,39.99,true,3.99,43.98,false,true,900,g,Dubai Chocolate,powder,1,2026-07-15T13:20:04+01:00
Fit House,https://fithouse.uk,,,8685915111664,45768723693808,,{},"Osavi Vitamin D3 + K2, 2000 IU + 100 μg 60 Capsules",Default,Osavi,Vitamins,,https://cdn.shopify.com/s/files/1/0661/8202/1360/files/Untitleddesign_e842af10-7725-4933-8e46-cbd1bb3a8bc0.jpg?v=1782921719,osavi-vitamin-d3-k2-2000-iu-100-g-60-capsules,https://fithouse.uk/products/osavi-vitamin-d3-k2-2000-iu-100-μg-120-caps?variant=45768723693808,https://fithouse.uk/products/osavi-vitamin-d3-k2-2000-iu-100-μg-120-caps?variant=45768723693808,,9.99,true,3.99,13.98,true,true,,,,,,2026-07-15T13:20:04+01:00
Fit House,https://fithouse.uk,421,396,8774010274032,45932414894320,,{},5% Nutrition Rich Piana Core Series DIM 60 Capsules,Default,5% Nutrition,Health Supplements,,https://cdn.shopify.com/s/files/1/0661/8202/1360/files/Untitleddesign_5_af8fdb08-b83e-4df7-85ae-d8fb3a497843.jpg?v=1715169658,5-nutrition-rich-piana-core-series-dim-60-capsules,https://fithouse.uk/products/5-core-dim-60-caps?variant=45932414894320,https://fithouse.uk/products/5-core-dim-60-caps?variant=45932414894320,,17.99,true,3.99,21.98,true,true,,,,,,2026-07-15T13:20:04+01:00
Fit House,https://fithouse.uk,,,8776401649904,45939994951920,,{},Doctor's Best Betaine HCL Pepsin & Gentian Bitters 120 Capsules,Default,Doctor's Best,Health Supplements,,https://cdn.shopify.com/s/files/1/0661/8202/1360/files/Untitleddesign_11_9084a632-10bd-41aa-a55e-120e008287c1.jpg?v=1715272347,doctor-s-best-betaine-hcl-pepsin-and-gentian-bitters-120-capsules,https://fithouse.uk/products/doctors-best-betaine-hcl-pepsin-gentian-bitters-120-caps?variant=45939994951920,https://fithouse.uk/products/doctors-best-betaine-hcl-pepsin-gentian-bitters-120-caps?variant=45939994951920,,24.99,true,3.99,28.98,false,true,,,,,,2026-07-15T13:20:04+01:00
Fit House,https://fithouse.uk,,,8788565557488,45978523566320,,{},7Nutrition Volcano 150 Capsules,Default,7Nutrition,Health Supplements,,https://cdn.shopify.com/s/files/1/0661/8202/1360/files/Untitleddesign_3_23d13ac0-2ada-418d-92b3-d2d3c5e7ea18.jpg?v=1715865852,7nutrition-volcano-150-capsules,https://fithouse.uk/products/7-nutrition-volcano?variant=45978523566320,https://fithouse.uk/products/7-nutrition-volcano?variant=45978523566320,,24.99,true,3.99,28.98,true,true,,,,,,2026-07-15T13:20:04+01:00
Fit House,https://fithouse.uk,,,8788669104368,45978786463984,,"{""Flavor"":""Orange""}",7Nutrition Dextrose Gold 1000g,Orange / 1000g,7Nutrition,Health Supplements,,https://cdn.shopify.com/s/files/1/0661/8202/1360/files/Dextrose_Orange.jpg?v=1715868798,7nutrition-dextrose-gold-1000g,https://fithouse.uk/products/7nutrition-dextrose-gold-1000g?variant=45978786463984,https://fithouse.uk/products/7nutrition-dextrose-gold-1000g?variant=45978786463984,,9.99,true,3.99,13.98,false,true,1000,g,Orange,powder,1,2026-07-15T13:20:04+01:00
Fit House,https://fithouse.uk,,,8788669104368,45978786496752,,"{""Flavor"":""Green Apple""}",7Nutrition Dextrose Gold 1000g,Green Apple / 1000g,7Nutrition,Health Supplements,,https://cdn.shopify.com/s/files/1/0661/8202/1360/files/Dextrose_Green_Apple.jpg?v=1715868671,7nutrition-dextrose-gold-1000g,https://fithouse.uk/products/7nutrition-dextrose-gold-1000g?variant=45978786496752,https://fithouse.uk/products/7nutrition-dextrose-gold-1000g?variant=45978786496752,,4.99,true,3.99,8.98,true,true,1000,g,Green Apple,powder,1,2026-07-15T13:20:04+01:00
Fit House,https://fithouse.uk,371,311,8858639925488,46135418913008,,{},Olimp Creatine Mega Caps 1250,Default,Olimp,Creatine,,https://cdn.shopify.com/s/files/1/0661/8202/1360/files/Untitleddesign_5_f9755a19-a2ef-4293-977a-942cadbd4789.jpg?v=1717604714,olimp-creatine-mega-caps-1250,https://fithouse.uk/products/olimp-creatine-monohydrate-1250-mega-caps-x-120-caps?variant=46135418913008,https://fithouse.uk/products/olimp-creatine-monohydrate-1250-mega-caps-x-120-caps?variant=46135418913008,,17.99,true,3.99,21.98,true,true,,,,,,2026-07-15T13:20:04+01:00
Fit House,https://fithouse.uk,,,8964644765936,46442695885040,,{},Swanson Collagen Peptides Unflavoured 28 Servings,Default,Swanson,Health Supplements,,https://cdn.shopify.com/s/files/1/0661/8202/1360/files/Untitleddesign_b8b979ca-355f-401f-bdc0-6c384674c73d.jpg?v=1722886019,swanson-collagen-peptides-unflavoured-28-servings,https://fithouse.uk/products/swanson-collagen-peptides-unflavored-28-servings?variant=46442695885040,https://fithouse.uk/products/swanson-collagen-peptides-unflavored-28-servings?variant=46442695885040,,34.99,true,3.99,38.98,true,true,,,,,,2026-07-15T13:20:04+01:00
Fit House,https://fithouse.uk,,,8964658397424,46442719936752,,{},Swanson Argentinian Desiccated Beef Liver 500 mg 120 Capsules,Default,Swanson,Health Supplements,,https://cdn.shopify.com/s/files/1/0661/8202/1360/files/Untitleddesign_1_c348fe46-d655-4276-bf62-b0e4c5bf120c.jpg?v=1722886883,swanson-argentinian-desiccated-beef-liver-500-mg-120-capsules,https://fithouse.uk/products/swanson-argentinian-desiccated-beef-liver-500-mg-120-caps?variant=46442719936752,https://fithouse.uk/products/swanson-argentinian-desiccated-beef-liver-500-mg-120-caps?variant=46442719936752,,14.99,true,3.99,18.98,false,true,,,,,,2026-07-15T13:20:04+01:00
Fit House,https://fithouse.uk,,,8964678058224,46442757226736,,{},Luna Pharm Probiotic 60 Capsules,Default,Luna Pharm,Health Supplements,,https://cdn.shopify.com/s/files/1/0661/8202/1360/files/Untitleddesign_1_afe24184-ad7c-4246-8693-3e67d67a11ee.jpg?v=1724490730,luna-pharm-probiotic-60-capsules,https://fithouse.uk/products/luna-pharm-probiotic-60-caps?variant=46442757226736,https://fithouse.uk/products/luna-pharm-probiotic-60-caps?variant=46442757226736,,24.00,true,3.99,27.99,true,true,,,,,,2026-07-15T13:20:04+01:00
Fit House,https://fithouse.uk,,,8964683825392,46442768204016,,{},Luna Pharm Exhale After Party Mix 30 Capsules,Default,Luna Pharm,Health Supplements,,https://cdn.shopify.com/s/files/1/0661/8202/1360/files/Untitleddesign_0e900112-5640-4801-99db-399629078685.jpg?v=1724490486,luna-pharm-exhale-after-party-mix-30-capsules,https://fithouse.uk/products/luna-phram-exhale-after-party-mix-30-vege-caps?variant=46442768204016,https://fithouse.uk/products/luna-phram-exhale-after-party-mix-30-vege-caps?variant=46442768204016,,44.00,true,3.99,47.99,true,true,,,,,,2026-07-15T13:20:04+01:00
Fit House,https://fithouse.uk,,,9048878940400,46640043753712,,{},Osavi Liposomal Vitamin C 100mg 60 Capsules,Default,Osavi,Vitamins,,https://cdn.shopify.com/s/files/1/0661/8202/1360/files/Untitleddesign_1_112d95fc-4a73-4962-9dba-edae2c3f67da.jpg?v=1727886855,osavi-liposomal-vitamin-c-100mg-60-capsules,https://fithouse.uk/products/osavi-liposomal-vitamin-c-100mg-60-vege-caps?variant=46640043753712,https://fithouse.uk/products/osavi-liposomal-vitamin-c-100mg-60-vege-caps?variant=46640043753712,,14.99,true,3.99,18.98,true,true,,,,,,2026-07-15T13:20:04+01:00
Fit House,https://fithouse.uk,778,,9076807237872,46722065432816,,"{""Flavour"":""Strawberry Mango""}",Naughty Boy Energy Pre-Workout 30 servings,Strawberry Mango / 30servings,Naughty Boy,Pre Workout,,https://cdn.shopify.com/s/files/1/0661/8202/1360/files/1.jpg?v=1729782718,naughty-boy-energy-pre-workout-30-servings,https://fithouse.uk/products/naughty-boy-energy-pre-workout-30-servings?variant=46722065432816,https://fithouse.uk/products/naughty-boy-energy-pre-workout-30-servings?variant=46722065432816,,24.99,true,3.99,28.98,false,true,30,servings,Strawberry Mango,powder,1,2026-07-15T13:20:04+01:00
Fit House,https://fithouse.uk,,,9107302351088,46807172317424,,{},Organic Sea Moss 90 Capsules,Default,KIKI Health,Health Supplements,,https://cdn.shopify.com/s/files/1/0661/8202/1360/files/seamoss.jpg?v=1731938633,organic-sea-moss-90-capsules,https://fithouse.uk/products/organic-sea-moss-90-vege-caps?variant=46807172317424,https://fithouse.uk/products/organic-sea-moss-90-vege-caps?variant=46807172317424,,13.99,true,3.99,17.98,true,true,,,,,,2026-07-15T13:20:04+01:00
Fit House,https://fithouse.uk,,,9107359072496,46807277764848,,{},Osavi Tribulus Terrestris Saponins 200mg 180 Capsules,Default,Osavi,Health Supplements,,https://cdn.shopify.com/s/files/1/0661/8202/1360/files/Tribulus.jpg?v=1731940529,osavi-tribulus-terrestris-saponins-200mg-180-capsules,https://fithouse.uk/products/osavi-tribulus-terrestris-saponins-200mg-180-vege-caps?variant=46807277764848,https://fithouse.uk/products/osavi-tribulus-terrestris-saponins-200mg-180-vege-caps?variant=46807277764848,,13.99,true,3.99,17.98,true,true,,,,,,2026-07-15T13:20:04+01:00
Fit House,https://fithouse.uk,,,9123317678320,46849789100272,,{},Fresh Out™ Pre-Workout by Fresh™ & Condemned Labz 25 servings,Default,Fresh & Condemned Labz,Pre Workout,,https://cdn.shopify.com/s/files/1/0661/8202/1360/files/Untitleddesign_5c1dd9c4-01dc-4917-b375-883d247d2bef.jpg?v=1733143014,fresh-out-pre-workout-by-fresh-and-condemned-labz-25-servings,https://fithouse.uk/products/fresh-out™-pre-workout-by-fresh™-condemned-labz?variant=46849789100272,https://fithouse.uk/products/fresh-out™-pre-workout-by-fresh™-condemned-labz?variant=46849789100272,,39.99,true,3.99,43.98,true,true,,,,,,2026-07-15T13:20:04+01:00
Fit House,https://fithouse.uk,775,,9123689627888,46850321678576,,"{""Flavour"":""Sweet Apple Punch""}",Innovapharm MVPRE Pre-Workout 3.0 40/20 servings,Sweet Apple Punch / 40servings,Innovapharm,Pre Workout,,https://cdn.shopify.com/s/files/1/0661/8202/1360/files/Untitled_design_3_97b8cb99-0beb-4eb4-8304-a9e60c6b7e4e.jpg?v=1733153227,innovapharm-mvpre-pre-workout-3-0-40-20-servings,https://fithouse.uk/products/innovapharm-mvpre-pre-workout-3-0-40-20-servings?variant=46850321678576,https://fithouse.uk/products/innovapharm-mvpre-pre-workout-3-0-40-20-servings?variant=46850321678576,,39.99,true,3.99,43.98,false,true,40,servings,Sweet Apple Punch,powder,1,2026-07-15T13:20:04+01:00
Fit House,https://fithouse.uk,,,9131870388464,46876612100336,,"{""Flavour"":""Peach Rings""}",Black Magic BZRK Pre-Workout 25 Servings,Peach Rings / 25servings,Black Magic,Pre Workout,,https://cdn.shopify.com/s/files/1/0661/8202/1360/files/bzrkpeach.jpg?v=1733756549,black-magic-bzrk-pre-workout-25-servings,https://fithouse.uk/products/black-magic-bzrk-pre-workout-25-servings?variant=46876612100336,https://fithouse.uk/products/black-magic-bzrk-pre-workout-25-servings?variant=46876612100336,,39.99,true,3.99,43.98,false,true,25,servings,Peach Rings,powder,1,2026-07-15T13:20:04+01:00
Fit House,https://fithouse.uk,,,9131870388464,46876612133104,,"{""Flavour"":""Cherry Lime""}",Black Magic BZRK Pre-Workout 25 Servings,Cherry Lime / 25servings,Black Magic,Pre Workout,,https://cdn.shopify.com/s/files/1/0661/8202/1360/files/bzrkpeach.jpg?v=1733756549,black-magic-bzrk-pre-workout-25-servings,https://fithouse.uk/products/black-magic-bzrk-pre-workout-25-servings?variant=46876612133104,https://fithouse.uk/products/black-magic-bzrk-pre-workout-25-servings?variant=46876612133104,,39.99,true,3.99,43.98,false,true,25,servings,Cherry Lime,powder,1,2026-07-15T13:20:04+01:00
Fit House,https://fithouse.uk,523,503,9157293146352,46935452745968,,{},Olimp Ashwagandha 600 Sport 60 Capsules,Default,Olimp,Health Supplements,,https://cdn.shopify.com/s/files/1/0661/8202/1360/files/ash.jpg?v=1735569370,olimp-ashwagandha-600-sport-60-capsules,https://fithouse.uk/products/olimp-ashwagandha-600-sport-60-caps?variant=46935452745968,https://fithouse.uk/products/olimp-ashwagandha-600-sport-60-caps?variant=46935452745968,,9.99,true,3.99,13.98,false,true,,,,,,2026-07-15T13:20:04+01:00
Fit House,https://fithouse.uk,,,9176758845680,46992653418736,,{},Jarrow Formulas Glutathione Reduced 500 mg 60 Capsules,Default,Jarrow,Amino Acids,,https://cdn.shopify.com/s/files/1/0661/8202/1360/files/glut.jpg?v=1737208276,jarrow-formulas-glutathione-reduced-500-mg-60-capsules,https://fithouse.uk/products/jarrow-formulas-glutathione-reduced-500-mg-60-vege-caps?variant=46992653418736,https://fithouse.uk/products/jarrow-formulas-glutathione-reduced-500-mg-60-vege-caps?variant=46992653418736,,34.99,true,3.99,38.98,false,true,,,,,,2026-07-15T13:20:04+01:00
Fit House,https://fithouse.uk,,,9347509354736,47199606571248,SWH284,{},Swanson Curcumin Complex 120 Capsules,Default,Swanson,Health Supplements,,https://cdn.shopify.com/s/files/1/0661/8202/1360/files/curcuminsw.png?v=1739017122,swanson-curcumin-complex-120-capsules,https://fithouse.uk/products/swanson-curcumin-complex-120-vege-caps?variant=47199606571248,https://fithouse.uk/products/swanson-curcumin-complex-120-vege-caps?variant=47199606571248,,24.99,true,3.99,28.98,false,true,,,,,,2026-07-15T13:20:04+01:00
Fit House,https://fithouse.uk,,,9368900960496,48129621721328,,"{""Flavor"":""Miami Peach""}",Brain Gains Switch On 225g Nootropic Day-time Formula,Miami Peach / 225g,Brain Gains,Health Supplements,,https://cdn.shopify.com/s/files/1/0661/8202/1360/files/braingains.jpg?v=1740409781,brain-gains-switch-on-225g-nootropic-day-time-formula,https://fithouse.uk/products/brain-gains-switch-on-225g-nootropic-day-time-formula?variant=48129621721328,https://fithouse.uk/products/brain-gains-switch-on-225g-nootropic-day-time-formula?variant=48129621721328,,29.99,true,3.99,33.98,false,true,225,g,Miami Peach,powder,1,2026-07-15T13:20:04+01:00
Fit House,https://fithouse.uk,785,,9370350092528,47257040355568,5902114018986,"{""Flavour"":""Tropical""}",Trec CREA XTREME 180g,Tropical / 180g,Trec Nutrition,Health Supplements,,https://cdn.shopify.com/s/files/1/0661/8202/1360/files/crea_f8b7f08d-cc70-454f-a9c2-7c20c497838c.png?v=1740492267,trec-crea-xtreme-180g,https://fithouse.uk/products/trec-crea-xtreme-180g?variant=47257040355568,https://fithouse.uk/products/trec-crea-xtreme-180g?variant=47257040355568,,14.99,true,3.99,18.98,false,true,180,g,Tropical,powder,1,2026-07-15T13:20:04+01:00
Fit House,https://fithouse.uk,,,9389627310320,47321493537008,,"{""Flavour"":""Lemon""}",Osavi Advanced Marine Collagen 30 servings 360g,Lemon / 360g,Osavi,Health Supplements,,https://cdn.shopify.com/s/files/1/0661/8202/1360/files/1_6d9b8d6b-a121-4dc9-9195-62201c354353.png?v=1741607825,osavi-advanced-marine-collagen-30-servings-360g,https://fithouse.uk/products/osavi-advanced-marine-collagen-360g?variant=47321493537008,https://fithouse.uk/products/osavi-advanced-marine-collagen-360g?variant=47321493537008,,29.99,true,3.99,33.98,false,true,360,g,Lemon,powder,1,2026-07-15T13:20:04+01:00
Fit House,https://fithouse.uk,,,9389627310320,47321493569776,,"{""Flavour"":""Grapefruit""}",Osavi Advanced Marine Collagen 30 servings 360g,Grapefruit / 360g,Osavi,Health Supplements,,https://cdn.shopify.com/s/files/1/0661/8202/1360/files/2_1895b373-8e68-4791-a04c-cdd1af914bab.png?v=1741607825,osavi-advanced-marine-collagen-30-servings-360g,https://fithouse.uk/products/osavi-advanced-marine-collagen-360g?variant=47321493569776,https://fithouse.uk/products/osavi-advanced-marine-collagen-360g?variant=47321493569776,,29.99,true,3.99,33.98,true,true,360,g,Grapefruit,powder,1,2026-07-15T13:20:04+01:00
Fit House,https://fithouse.uk,337,,9554213830896,47792261464304,,"{""Flavour"":""Vanilla""}",GYM HIGH Whey Pro Synergy 600g,Vanilla / 600g,GYM HIGH,Whey Protein,,https://cdn.shopify.com/s/files/1/0661/8202/1360/files/gymhighpro.jpg?v=1751970718,gym-high-whey-pro-synergy-600g,https://fithouse.uk/products/gym-high-whey-pro-synergy-tested-600g?variant=47792261464304,https://fithouse.uk/products/gym-high-whey-pro-synergy-tested-600g?variant=47792261464304,,25.99,true,3.99,29.98,true,true,600,g,Vanilla,powder,1,2026-07-15T13:20:04+01:00
Fit House,https://fithouse.uk,,,9581492404464,47863085334768,,"{""Flavour"":""Summer Fruits 30 servings""}",Naughty Boy Hydration – Advanced Electrolyte Support 30 or 60 servings,Summer Fruits / 30servings,Naughty Boy,Health Supplements,,https://cdn.shopify.com/s/files/1/0661/8202/1360/files/1_e9d9df12-1661-4a03-9928-f34a94d0c2c3.png?v=1753803224,naughty-boy-hydration-advanced-electrolyte-support-30-or-60-servings,https://fithouse.uk/products/naughty-boy-hydration-advanced-electrolyte-support-30-or-60-servings?variant=47863085334768,https://fithouse.uk/products/naughty-boy-hydration-advanced-electrolyte-support-30-or-60-servings?variant=47863085334768,,19.99,true,3.99,23.98,true,true,30,servings,Summer Fruits,powder,1,2026-07-15T13:20:04+01:00
Fit House,https://fithouse.uk,,,9581492404464,47863085367536,,"{""Flavour"":""Strawberry Kiwi 30 servings""}",Naughty Boy Hydration – Advanced Electrolyte Support 30 or 60 servings,Strawberry Kiwi / 30servings,Naughty Boy,Health Supplements,,https://cdn.shopify.com/s/files/1/0661/8202/1360/files/4_6be8d573-3421-41f3-a1a5-bfdf18daed28.png?v=1753803276,naughty-boy-hydration-advanced-electrolyte-support-30-or-60-servings,https://fithouse.uk/products/naughty-boy-hydration-advanced-electrolyte-support-30-or-60-servings?variant=47863085367536,https://fithouse.uk/products/naughty-boy-hydration-advanced-electrolyte-support-30-or-60-servings?variant=47863085367536,,19.99,true,3.99,23.98,true,true,30,servings,Strawberry Kiwi,powder,1,2026-07-15T13:20:04+01:00
Fit House,https://fithouse.uk,,,9581492404464,47863085400304,,"{""Flavour"":""Cherry Mango 60 servings""}",Naughty Boy Hydration – Advanced Electrolyte Support 30 or 60 servings,Cherry Mango / 60servings,Naughty Boy,Health Supplements,,https://cdn.shopify.com/s/files/1/0661/8202/1360/files/3_1d4803c5-5c63-4d57-b295-2be3784e932f.png?v=1753803291,naughty-boy-hydration-advanced-electrolyte-support-30-or-60-servings,https://fithouse.uk/products/naughty-boy-hydration-advanced-electrolyte-support-30-or-60-servings?variant=47863085400304,https://fithouse.uk/products/naughty-boy-hydration-advanced-electrolyte-support-30-or-60-servings?variant=47863085400304,,29.99,true,3.99,33.98,true,true,60,servings,Cherry Mango,powder,1,2026-07-15T13:20:04+01:00
Fit House,https://fithouse.uk,,,9581492404464,47863085433072,,"{""Flavour"":""Blueberry Pineapple 60 servings""}",Naughty Boy Hydration – Advanced Electrolyte Support 30 or 60 servings,Blueberry Pineapple / 60servings,Naughty Boy,Health Supplements,,https://cdn.shopify.com/s/files/1/0661/8202/1360/files/2_0747c48c-4f4b-447e-84ea-afd3419bc834.png?v=1753803303,naughty-boy-hydration-advanced-electrolyte-support-30-or-60-servings,https://fithouse.uk/products/naughty-boy-hydration-advanced-electrolyte-support-30-or-60-servings?variant=47863085433072,https://fithouse.uk/products/naughty-boy-hydration-advanced-electrolyte-support-30-or-60-servings?variant=47863085433072,,29.99,true,3.99,33.98,true,true,60,servings,Blueberry Pineapple,powder,1,2026-07-15T13:20:04+01:00
Fit House,https://fithouse.uk,,,9581492404464,47863085465840,,"{""Flavour"":""Pink Lemonade 60 servings""}",Naughty Boy Hydration – Advanced Electrolyte Support 30 or 60 servings,Pink Lemonade / 60servings,Naughty Boy,Health Supplements,,https://cdn.shopify.com/s/files/1/0661/8202/1360/files/1_ce2e263f-b404-43ce-8d1a-27d6c87de78d.png?v=1753803330,naughty-boy-hydration-advanced-electrolyte-support-30-or-60-servings,https://fithouse.uk/products/naughty-boy-hydration-advanced-electrolyte-support-30-or-60-servings?variant=47863085465840,https://fithouse.uk/products/naughty-boy-hydration-advanced-electrolyte-support-30-or-60-servings?variant=47863085465840,,29.99,true,3.99,33.98,true,true,60,servings,Pink Lemonade,powder,1,2026-07-15T13:20:04+01:00
Fit House,https://fithouse.uk,783,,9587112902896,47879468417264,,"{""Flavour"":""Raspberry Creamthickle""}",RAW Nutrition Essential BUM Pre-Workout 30 servings,Raspberry Creamthickle / 30servings,RAW Nutrition,Pre Workout,,https://cdn.shopify.com/s/files/1/0661/8202/1360/files/1_95a34a22-949d-442f-83a4-18d2a4709c01.png?v=1754305294,raw-nutrition-essential-bum-pre-workout-30-servings,https://fithouse.uk/products/raw-nutritions-essential-pre-workout-30-servings?variant=47879468417264,https://fithouse.uk/products/raw-nutritions-essential-pre-workout-30-servings?variant=47879468417264,,25.99,true,3.99,29.98,true,true,30,servings,Raspberry Creamthickle,powder,1,2026-07-15T13:20:04+01:00
Fit House,https://fithouse.uk,,,9587128631536,47879495516400,,{},Kilo Labs Supreme Pre‑Workout 20 servings Peach Rings Flavour,Default,Kilo Labs,Pre Workout,,https://cdn.shopify.com/s/files/1/0661/8202/1360/files/supremepre.png?v=1754306574,kilo-labs-supreme-pre-workout-20-servings-peach-rings-flavour,https://fithouse.uk/products/kilo-labs-supreme-pre-workout-20-servings-peach-rings-flavour?variant=47879495516400,https://fithouse.uk/products/kilo-labs-supreme-pre-workout-20-servings-peach-rings-flavour?variant=47879495516400,,39.99,true,3.99,43.98,true,true,,,,,,2026-07-15T13:20:04+01:00
Fit House,https://fithouse.uk,,,9587342606576,47881357754608,,"{""Flavour"":""Milions Cola""}","Cellucor C4 Original – Energy, Focus & Performance Pre-Workout 30 servings",Millions Cola / 30servings,Cellucor,Pre Workout,,https://cdn.shopify.com/s/files/1/0661/8202/1360/files/1_4f44c533-ebf9-4aae-86db-1cf5d8e42088.png?v=1754310913,cellucor-c4-original-energy-focus-and-performance-pre-workout-30-servings,https://fithouse.uk/products/cellucor-c4-original-energy-focus-amp-performance-pre-workout-30-servings?variant=47881357754608,https://fithouse.uk/products/cellucor-c4-original-energy-focus-amp-performance-pre-workout-30-servings?variant=47881357754608,,19.99,true,3.99,23.98,true,true,30,servings,Millions Cola,powder,1,2026-07-15T13:20:04+01:00
Fit House,https://fithouse.uk,,,9587342606576,47881357787376,,"{""Flavour"":""Sour Batch Bros""}","Cellucor C4 Original – Energy, Focus & Performance Pre-Workout 30 servings",Sour Batch Bros / 30servings,Cellucor,Pre Workout,,https://cdn.shopify.com/s/files/1/0661/8202/1360/files/2_b51c3d74-8bb9-405b-b97f-736b136a5b37.png?v=1754310926,cellucor-c4-original-energy-focus-and-performance-pre-workout-30-servings,https://fithouse.uk/products/cellucor-c4-original-energy-focus-amp-performance-pre-workout-30-servings?variant=47881357787376,https://fithouse.uk/products/cellucor-c4-original-energy-focus-amp-performance-pre-workout-30-servings?variant=47881357787376,,19.99,true,3.99,23.98,true,true,30,servings,Sour Batch Bros,powder,1,2026-07-15T13:20:04+01:00
Fit House,https://fithouse.uk,,,9623289856240,47984405840112,,"{""Flavor"":""Baddy Berry""}",Applied Nutrition ABE 30 servings,Baddy Berry / 30servings,Applied Nutrition,Pre Workout,,https://cdn.shopify.com/s/files/1/0661/8202/1360/files/1_029e0f49-4dbc-485d-8a48-0e4e7e69b3b0.jpg?v=1756988877,applied-nutrition-abe-30-servings,https://fithouse.uk/products/applied-nutrition-abe-30-servings?variant=47984405840112,https://fithouse.uk/products/applied-nutrition-abe-30-servings?variant=47984405840112,,24.99,true,3.99,28.98,true,true,30,servings,Baddy Berry,powder,1,2026-07-15T13:20:04+01:00
Fit House,https://fithouse.uk,,,9623289856240,47984405872880,,"{""Flavor"":""Cherry Cola""}",Applied Nutrition ABE 30 servings,Cherry Cola / 30servings,Applied Nutrition,Pre Workout,,https://cdn.shopify.com/s/files/1/0661/8202/1360/files/1_029e0f49-4dbc-485d-8a48-0e4e7e69b3b0.jpg?v=1756988877,applied-nutrition-abe-30-servings,https://fithouse.uk/products/applied-nutrition-abe-30-servings?variant=47984405872880,https://fithouse.uk/products/applied-nutrition-abe-30-servings?variant=47984405872880,,24.99,true,3.99,28.98,true,true,30,servings,Cherry Cola,powder,1,2026-07-15T13:20:04+01:00
Fit House,https://fithouse.uk,,,9623289856240,47984405905648,,"{""Flavor"":""Cool Watermelon""}",Applied Nutrition ABE 30 servings,Cool Watermelon / 30servings,Applied Nutrition,Pre Workout,,https://cdn.shopify.com/s/files/1/0661/8202/1360/files/1_029e0f49-4dbc-485d-8a48-0e4e7e69b3b0.jpg?v=1756988877,applied-nutrition-abe-30-servings,https://fithouse.uk/products/applied-nutrition-abe-30-servings?variant=47984405905648,https://fithouse.uk/products/applied-nutrition-abe-30-servings?variant=47984405905648,,24.99,true,3.99,28.98,true,true,30,servings,Cool Watermelon,powder,1,2026-07-15T13:20:04+01:00
Fit House,https://fithouse.uk,,,9623362011376,47984607690992,,{},Soma Melatonin 4 mg - 100 Tablets,Default,Soma,Health Supplements,,https://cdn.shopify.com/s/files/1/0661/8202/1360/files/Untitleddesign_1_e023d62a-9ab3-4073-b5d8-a99b5d093939.jpg?v=1756994062,soma-melatonin-4-mg-100-tablets,https://fithouse.uk/products/soma-melatonin-4-mg-100-tablets?variant=47984607690992,https://fithouse.uk/products/soma-melatonin-4-mg-100-tablets?variant=47984607690992,,11.99,true,3.99,15.98,false,true,,,,,,2026-07-15T13:20:04+01:00
Fit House,https://fithouse.uk,,,9623365091568,47984623288560,,{},Soma ATP 30 Capsules,Default,Soma,Health Supplements,,https://cdn.shopify.com/s/files/1/0661/8202/1360/files/Untitleddesign_2_846710b0-5437-4dcc-81b7-4a186bf7a018.jpg?v=1756994964,soma-atp-30-capsules,https://fithouse.uk/products/soma-atp-30-caps?variant=47984623288560,https://fithouse.uk/products/soma-atp-30-caps?variant=47984623288560,,19.99,true,3.99,23.98,true,true,,,,,,2026-07-15T13:20:04+01:00
Fit House,https://fithouse.uk,,,9623373840624,47984666542320,,{},Soma D3 4000 IU + K2 1000 ug 100 Tablets,Default,Soma,Vitamins,,https://cdn.shopify.com/s/files/1/0661/8202/1360/files/Untitleddesign_cf10f614-b8e7-4e64-bd9d-0358478c5887.jpg?v=1756996366,soma-d3-4000-iu-k2-1000-ug-100-tablets,https://fithouse.uk/products/soma-d3-4000-iu-k2-1000-ug?variant=47984666542320,https://fithouse.uk/products/soma-d3-4000-iu-k2-1000-ug?variant=47984666542320,,11.99,true,3.99,15.98,false,true,,,,,,2026-07-15T13:20:04+01:00
Fit House,https://fithouse.uk,,,9623375118576,47984670376176,,{},Soma Methyl B-Complex – 30 Capsules,Default,Soma,Vitamins,,https://cdn.shopify.com/s/files/1/0661/8202/1360/files/Untitleddesign_f540dc8f-9a5b-4fca-9144-2018f7f13f13.jpg?v=1756997287,soma-methyl-b-complex-30-capsules,https://fithouse.uk/products/soma-methyl-b-complex-30-capsules?variant=47984670376176,https://fithouse.uk/products/soma-methyl-b-complex-30-capsules?variant=47984670376176,,9.99,true,3.99,13.98,false,true,,,,,,2026-07-15T13:20:04+01:00
Fit House,https://fithouse.uk,,,9623376527600,47984677028080,,{},Soma Magnesium Glycinate – 90 Capsules,Default,Soma,Health Supplements,,https://cdn.shopify.com/s/files/1/0661/8202/1360/files/Untitleddesign_1_3f371a60-e29d-42e6-9206-3b104b92414e.jpg?v=1756997890,soma-magnesium-glycinate-90-capsules,https://fithouse.uk/products/magnesium-glycinate-90-capsules?variant=47984677028080,https://fithouse.uk/products/magnesium-glycinate-90-capsules?variant=47984677028080,,11.99,true,3.99,15.98,false,true,,,,,,2026-07-15T13:20:04+01:00
Fit House,https://fithouse.uk,,,9673589522672,48119163355376,,"{""flavour"":""Blueberry""}",GYM HIGH Cream Of Rice 2.1kg,Blueberry / 2100g,GYM HIGH,Health Supplements,,https://cdn.shopify.com/s/files/1/0661/8202/1360/files/Untitleddesign_1_591ecfcc-4ff3-4373-aaac-4f99cbf13fdd.jpg?v=1759324754,gym-high-cream-of-rice-2-1kg,https://fithouse.uk/products/gym-high-cream-of-rice-2kg?variant=48119163355376,https://fithouse.uk/products/gym-high-cream-of-rice-2kg?variant=48119163355376,,19.99,true,3.99,23.98,true,true,2100,g,Blueberry,powder,1,2026-07-15T13:20:04+01:00
Fit House,https://fithouse.uk,,,9673589522672,48119163388144,,"{""flavour"":""Maple Syroup""}",GYM HIGH Cream Of Rice 2.1kg,Maple Syrup / 2100g,GYM HIGH,Health Supplements,,https://cdn.shopify.com/s/files/1/0661/8202/1360/files/Untitleddesign_1_591ecfcc-4ff3-4373-aaac-4f99cbf13fdd.jpg?v=1759324754,gym-high-cream-of-rice-2-1kg,https://fithouse.uk/products/gym-high-cream-of-rice-2kg?variant=48119163388144,https://fithouse.uk/products/gym-high-cream-of-rice-2kg?variant=48119163388144,,19.99,true,3.99,23.98,true,true,2100,g,Maple Syrup,powder,1,2026-07-15T13:20:04+01:00
Fit House,https://fithouse.uk,403,1695,9673598861552,48119187570928,,"{""flavour"":""Strawberries & Cream""}",GYM HIGH Mass Gainer 2100g,Strawberries & Cream / 2.1kg,GYM HIGH,Mass Gainer,,https://cdn.shopify.com/s/files/1/0661/8202/1360/files/Untitleddesign_2_b82a47f8-aba8-4060-98f5-b363a0da2d2c.jpg?v=1759325620,gym-high-mass-gainer-2100g,https://fithouse.uk/products/gym-high-mass-gainer-2-1-kg?variant=48119187570928,https://fithouse.uk/products/gym-high-mass-gainer-2-1-kg?variant=48119187570928,,29.99,true,3.99,33.98,true,true,2100,g,Strawberries & Cream,powder,1,2026-07-15T13:20:04+01:00
Fit House,https://fithouse.uk,403,1696,9673598861552,48119187603696,,"{""flavour"":""Vanilla Ice Cream""}",GYM HIGH Mass Gainer 2100g,Vanilla Ice Cream / 2.1kg,GYM HIGH,Mass Gainer,,https://cdn.shopify.com/s/files/1/0661/8202/1360/files/Untitleddesign_2_b82a47f8-aba8-4060-98f5-b363a0da2d2c.jpg?v=1759325620,gym-high-mass-gainer-2100g,https://fithouse.uk/products/gym-high-mass-gainer-2-1-kg?variant=48119187603696,https://fithouse.uk/products/gym-high-mass-gainer-2-1-kg?variant=48119187603696,,29.99,true,3.99,33.98,true,true,2100,g,Vanilla Ice Cream,powder,1,2026-07-15T13:20:04+01:00
Fit House,https://fithouse.uk,780,,9673666920688,48119537729776,,"{""flavour"":""Natural""}",OstroVit Creatine Monohydrate 1000g,Natural / 1000g,OstroVit,Creatine,,https://cdn.shopify.com/s/files/1/0661/8202/1360/files/Untitleddesign_18.png?v=1779196460,ostrovit-creatine-monohydrate-1000g,https://fithouse.uk/products/ostrovit-creatine-monohydrate-500-g?variant=48119537729776,https://fithouse.uk/products/ostrovit-creatine-monohydrate-500-g?variant=48119537729776,,21.99,true,3.99,25.98,false,true,1000,g,Natural,powder,1,2026-07-15T13:20:04+01:00
Fit House,https://fithouse.uk,,,9673952952560,48121193038064,,{},Osavi Chromium 250 Capsules,Default,Osavi,Vitamins,,https://cdn.shopify.com/s/files/1/0661/8202/1360/files/Untitleddesign_9_9a7d480e-e25a-49e8-b480-0d945c212c06.jpg?v=1759355765,osavi-chromium-250-capsules,https://fithouse.uk/products/osavi-chromium-250-vegan-caps?variant=48121193038064,https://fithouse.uk/products/osavi-chromium-250-vegan-caps?variant=48121193038064,,11.99,true,3.99,15.98,true,true,,,,,,2026-07-15T13:20:04+01:00
Fit House,https://fithouse.uk,165,1758,9674420912368,48124051685616,,"{""Flavor"":""White Chocolate Macadamia""}",Lenny & Larry's Complete Vegan Cookie  113g,White Chocolate Macadamia / 113g,Lenny & Larry,Protein Bars,,https://cdn.shopify.com/s/files/1/0661/8202/1360/files/Untitleddesign_1_c73db7a7-67c8-4edd-b96f-9920fae60132.jpg?v=1759416057,lenny--larrys-complete-vegan-cookie--113g,https://fithouse.uk/products/lenny-larrys-the-complete-cookie-113-g?variant=48124051685616,https://fithouse.uk/products/lenny-larrys-the-complete-cookie-113-g?variant=48124051685616,,2.50,true,3.99,6.49,false,true,113,g,White Chocolate Macadamia,snack,1,2026-07-15T13:20:04+01:00
Fit House,https://fithouse.uk,165,1054,9674420912368,48124051849456,,"{""Flavor"":""Apple Pie""}",Lenny & Larry's Complete Vegan Cookie  113g,Apple Pie / 113g,Lenny & Larry,Protein Bars,,https://cdn.shopify.com/s/files/1/0661/8202/1360/files/Untitleddesign_1_c73db7a7-67c8-4edd-b96f-9920fae60132.jpg?v=1759416057,lenny--larrys-complete-vegan-cookie--113g,https://fithouse.uk/products/lenny-larrys-the-complete-cookie-113-g?variant=48124051849456,https://fithouse.uk/products/lenny-larrys-the-complete-cookie-113-g?variant=48124051849456,,2.50,true,3.99,6.49,false,true,113,g,Apple Pie,snack,1,2026-07-15T13:20:04+01:00
Fit House,https://fithouse.uk,224,,9674436903152,48124151038192,,"{""Flavor"":""Banana""}",Barebells High Protein Milkshake 330ml,Banana / 330ml,Barebells,Protein Bars,,https://cdn.shopify.com/s/files/1/0661/8202/1360/files/Untitleddesign_2_0cc4c4f7-d08f-465a-b641-54e20bf67fa2.jpg?v=1759419238,barebells-high-protein-milkshake-330ml,https://fithouse.uk/products/barebells-milkshake-330-ml?variant=48124151038192,https://fithouse.uk/products/barebells-milkshake-330-ml?variant=48124151038192,,2.50,true,3.99,6.49,false,true,330,ml,Banana,liquid,1,2026-07-15T13:20:04+01:00
Fit House,https://fithouse.uk,224,1679,9674436903152,48124151070960,,"{""Flavor"":""Cookies & Cream""}",Barebells High Protein Milkshake 330ml,Cookies & Cream / 330ml,Barebells,Protein Bars,,https://cdn.shopify.com/s/files/1/0661/8202/1360/files/Untitleddesign_2_0cc4c4f7-d08f-465a-b641-54e20bf67fa2.jpg?v=1759419238,barebells-high-protein-milkshake-330ml,https://fithouse.uk/products/barebells-milkshake-330-ml?variant=48124151070960,https://fithouse.uk/products/barebells-milkshake-330-ml?variant=48124151070960,,2.50,true,3.99,6.49,false,true,330,ml,Cookies & Cream,liquid,1,2026-07-15T13:20:04+01:00
Fit House,https://fithouse.uk,367,1834,9676465242352,48129499693296,,"{""flavour"":""Tropical Punch""}",GYM HIGH The Stacker 240g,Tropical Punch / 240g,GYM HIGH,Health Supplements,,https://cdn.shopify.com/s/files/1/0661/8202/1360/files/Untitleddesign_4_eb5e1836-7dc7-4a06-828d-46008c909ccb.jpg?v=1759577689,gym-high-the-stacker-240g,https://fithouse.uk/products/gym-high-stacker-30-servings?variant=48129499693296,https://fithouse.uk/products/gym-high-stacker-30-servings?variant=48129499693296,,34.99,true,3.99,38.98,true,true,240,g,Tropical Punch,powder,1,2026-07-15T13:20:04+01:00
Fit House,https://fithouse.uk,367,1044,9676465242352,48129499726064,,"{""flavour"":""Electric Blue""}",GYM HIGH The Stacker 240g,Electric Blue (Blue Raspberry & Lime) / 240g,GYM HIGH,Health Supplements,,https://cdn.shopify.com/s/files/1/0661/8202/1360/files/Untitleddesign_4_eb5e1836-7dc7-4a06-828d-46008c909ccb.jpg?v=1759577689,gym-high-the-stacker-240g,https://fithouse.uk/products/gym-high-stacker-30-servings?variant=48129499726064,https://fithouse.uk/products/gym-high-stacker-30-servings?variant=48129499726064,,34.99,true,3.99,38.98,true,true,240,g,Electric Blue (Blue Raspberry & Lime),powder,1,2026-07-15T13:20:04+01:00
Fit House,https://fithouse.uk,771,,9678084636912,48135716798704,,"{""Flavor"":""Cookies & Cream""}",BioTech USA 100% Pure Whey 454g,Cookies & Cream / 454g,BioTech USA,Whey Protein,,https://cdn.shopify.com/s/files/1/0661/8202/1360/files/Untitleddesign_6c536ee6-641d-49c5-9070-d8c1e2de93c6.jpg?v=1759766231,biotech-usa-100-pure-whey-454g,https://fithouse.uk/products/biotech-usa-100-pure-whey-454g?variant=48135716798704,https://fithouse.uk/products/biotech-usa-100-pure-whey-454g?variant=48135716798704,,15.99,true,3.99,19.98,true,true,454,g,Cookies & Cream,powder,1,2026-07-15T13:20:04+01:00
Fit House,https://fithouse.uk,,,9678103445744,48135761395952,,{},Doctor's Best L-Theanine AlphaWave 200mg 60 Capsules,Default,Doctor's Best,Health Supplements,,https://cdn.shopify.com/s/files/1/0661/8202/1360/files/photo.jpg?v=1759769004,doctor-s-best-l-theanine-alphawave-200mg-60-capsules,https://fithouse.uk/products/doctors-best-l-theanine-alphawave-200mg-60-vege-caps?variant=48135761395952,https://fithouse.uk/products/doctors-best-l-theanine-alphawave-200mg-60-vege-caps?variant=48135761395952,,21.99,true,3.99,25.98,false,true,,,,,,2026-07-15T13:20:04+01:00
