retailer_name,retailer_website,external_product_id,external_variant_id,product_name,variant_name,brand,category,description,image,slug,external_url,affiliate_url,external_gtin,price,shipping_known,shipping_cost,in_stock,is_for_sale,size,size_unit,flavour,product_format,pack_count,source_updated_at
Fit House,https://fithouse.uk,9678096761072,48135749271792,"Swanson Valerian, Chamomile & Hops 60 Capsules",Default,Swanson,Health Supplements,,https://cdn.shopify.com/s/files/1/0661/8202/1360/files/Venlectin.jpg?v=1759768058,swanson-valerian-chamomile-hops-60-capsules,https://fithouse.uk/products/swanson-valerian-chamomile-hops-60-caps?variant=48135749271792,https://fithouse.uk/products/swanson-valerian-chamomile-hops-60-caps?variant=48135749271792,,19.99,true,3.99,true,true,,,,,,2026-07-26T14:09:40+01:00
Fit House,https://fithouse.uk,9680364208368,48142829453552,Now Foods DIM Diindolylmethane 90 Capsules,Default,Now Foods,Health Supplements,,https://cdn.shopify.com/s/files/1/0661/8202/1360/files/photo_e401d412-58b8-428c-8c0c-58d5c84e1d84.jpg?v=1759917606,now-foods-dim-diindolylmethane-90-capsules,https://fithouse.uk/products/now-foods-dim-diindolylmethane-90-vege-caps?variant=48142829453552,https://fithouse.uk/products/now-foods-dim-diindolylmethane-90-vege-caps?variant=48142829453552,,22.99,true,3.99,true,true,,,,,,2026-07-26T14:09:40+01:00
Fit House,https://fithouse.uk,9680391831792,48142863401200,Now Foods Chaste Berry Vitex Extract 300mg 90 Capsules,Default,Now Foods,Health Supplements,,https://cdn.shopify.com/s/files/1/0661/8202/1360/files/photo_2.jpg?v=1759918683,now-foods-chaste-berry-vitex-extract-300mg-90-capsules,https://fithouse.uk/products/now-foods-chaste-berry-vitex-extract-300-mg-90-vege-caps?variant=48142863401200,https://fithouse.uk/products/now-foods-chaste-berry-vitex-extract-300-mg-90-vege-caps?variant=48142863401200,,15.99,true,3.99,true,true,,,,,,2026-07-26T14:09:40+01:00
Fit House,https://fithouse.uk,9706776264944,48219037106416,Swanson L-Tyrosine 500mg 100 Capsules,Default,Swanson,Amino Acids,,https://cdn.shopify.com/s/files/1/0661/8202/1360/files/photo_f8c50b9c-4837-4ec3-bf1f-18a2e7eb598e.jpg?v=1761749006,swanson-l-tyrosine-500mg-100-capsules,https://fithouse.uk/products/swanson-l-tyrosine-500mg-100-caps?variant=48219037106416,https://fithouse.uk/products/swanson-l-tyrosine-500mg-100-caps?variant=48219037106416,,6.99,true,3.99,true,true,,,,,,2026-07-26T14:09:40+01:00
Fit House,https://fithouse.uk,9706779279600,48219074199792,Osavi Lion's Mane 600mg 60 Capsules,Default,Osavi,Health Supplements,,https://cdn.shopify.com/s/files/1/0661/8202/1360/files/Untitleddesign_1_bf32a65b-21cd-4066-a7f5-ec5058d7e42e.jpg?v=1782993814,osavi-lions-mane-600mg-60-capsules,https://fithouse.uk/products/osavi-lions-mane-600mg-60-vegan-caps?variant=48219074199792,https://fithouse.uk/products/osavi-lions-mane-600mg-60-vegan-caps?variant=48219074199792,,14.99,true,3.99,true,true,,,,,,2026-07-26T14:09:40+01:00
Fit House,https://fithouse.uk,9710810628336,48227374006512,OstroVit Bacopa Monnieri 90 Capsules,Default,OstroVit,Health Supplements,,https://cdn.shopify.com/s/files/1/0661/8202/1360/files/photo_1_d661b45b-f664-4dd8-b16c-bf9e78059072.jpg?v=1761844146,ostrovit-bacopa-monnieri-90-capsules,https://fithouse.uk/products/bacopa-monnieri-90-caps?variant=48227374006512,https://fithouse.uk/products/bacopa-monnieri-90-caps?variant=48227374006512,,9.99,true,3.99,true,true,,,,,,2026-07-26T14:09:40+01:00
Fit House,https://fithouse.uk,10019820470512,49715305840880,OstroVit Electrolytes Orange 20 Effervescent Tablets,Default,OstroVit,Health Supplements,,https://cdn.shopify.com/s/files/1/0661/8202/1360/files/Untitleddesign_2_b7a62b6e-bedd-46c8-a97c-28d2ab0f40a2.jpg?v=1778508331,ostrovit-electrolytes-orange-20-effervescent-tablets,https://fithouse.uk/products/ostrovit-electrolytes-20-effervescent-tablets?variant=49715305840880,https://fithouse.uk/products/ostrovit-electrolytes-20-effervescent-tablets?variant=49715305840880,,3.99,true,3.99,true,true,,,,,,2026-07-26T14:09:40+01:00
Fit House,https://fithouse.uk,10024895742192,49735378960624,OstroVit Creatine Monohydrate 400 Capsules,Default,OstroVit,Creatine,,https://cdn.shopify.com/s/files/1/0661/8202/1360/files/Untitleddesign_bb2f7380-c52b-407a-af6b-fc28beef57ff.jpg?v=1778943521,ostrovit-creatine-monohydrate-400-capsules,https://fithouse.uk/products/ostrovit-creatine-monohydrate-400-caps?variant=49735378960624,https://fithouse.uk/products/ostrovit-creatine-monohydrate-400-caps?variant=49735378960624,,24.99,true,3.99,true,true,,,,,,2026-07-26T14:09:40+01:00
Fit House,https://fithouse.uk,10028457820400,49744956850416,Mutant Creakong Advanced Creatine 1kg,Default,Mutant,Creatine,,https://cdn.shopify.com/s/files/1/0661/8202/1360/files/Untitleddesign_4.png?v=1779191606,mutant-creakong-advanced-creatine-1kg,https://fithouse.uk/products/mutant-creakong-advanced-creatine-1kg?variant=49744956850416,https://fithouse.uk/products/mutant-creakong-advanced-creatine-1kg?variant=49744956850416,,26.99,true,3.99,true,true,,,,,,2026-07-26T14:09:40+01:00
Fit House,https://fithouse.uk,10028467093744,49744981426416,PER4M Micronised Creatine 150g,Default,Per4m,Creatine,,https://cdn.shopify.com/s/files/1/0661/8202/1360/files/Untitleddesign_6.png?v=1779192431,per4m-micronised-creatine-150g,https://fithouse.uk/products/per4m-micronised-creatine-150g?variant=49744981426416,https://fithouse.uk/products/per4m-micronised-creatine-150g?variant=49744981426416,,7.99,true,3.99,true,true,,,,,,2026-07-26T14:09:40+01:00
Fit House,https://fithouse.uk,10034753143024,49768736948464,Doctor's Best Pure Collagen Peptides 417g,Default,Doctor's Best,Health Supplements,,https://cdn.shopify.com/s/files/1/0661/8202/1360/files/Untitleddesign_5aaf36e0-f09a-488b-8a2a-abd48c902627.jpg?v=1779874927,doctors-best-pure-collagen-peptides-417g,https://fithouse.uk/products/doctors-best-pure-collagen-peptides-417g?variant=49768736948464,https://fithouse.uk/products/doctors-best-pure-collagen-peptides-417g?variant=49768736948464,,44.99,true,3.99,true,true,,,,,,2026-07-26T14:09:40+01:00
Fit House,https://fithouse.uk,10079982584048,49957954257136,Osavi Super Strong Omega 3 500 EPA 250 DHA 90 Softgels,Default,Osavi,Vitamins,,https://cdn.shopify.com/s/files/1/0661/8202/1360/files/Untitleddesign_45775208-6ce4-4fdc-b392-8d1a679af776.jpg?v=1782919705,osavi-super-strong-omega-3-500-epa-250-dha-90-softgels,https://fithouse.uk/products/osavi-super-strong-omega-3-500-epa-250-dha-90-softgels?variant=49957954257136,https://fithouse.uk/products/osavi-super-strong-omega-3-500-epa-250-dha-90-softgels?variant=49957954257136,,29.99,true,3.99,true,true,,,,,,2026-07-26T14:09:40+01:00
Fit House,https://fithouse.uk,10079982944496,49957958156528,Osavi Super Strong Omega 3 500 EPA 250 DHA 60 Softgels,Default,Osavi,Vitamins,,https://cdn.shopify.com/s/files/1/0661/8202/1360/files/Untitleddesign_2_30951143-4598-480e-8dac-fed56f6c7ce2.jpg?v=1782920422,osavi-super-strong-omega-3-500-epa-250-dha-60-softgels,https://fithouse.uk/products/osavi-super-strong-omega-3-500-epa-250-dha-60-softgels?variant=49957958156528,https://fithouse.uk/products/osavi-super-strong-omega-3-500-epa-250-dha-60-softgels?variant=49957958156528,,19.99,true,3.99,true,true,,,,,,2026-07-26T14:09:40+01:00
Fit House,https://fithouse.uk,10081661419760,49962294247664,Osavi Vitamin K2 MK-7 100mcg 60 Softgels,Default,Osavi,Vitamins,,https://cdn.shopify.com/s/files/1/0661/8202/1360/files/Untitleddesign_1_df2b944e-3a03-4a2a-bc79-e32024d8891a.jpg?v=1782996838,osavi-vitamin-k2-mk-7-100mcg-60-softgels,https://fithouse.uk/products/osavi-vitamin-k2-mk-7-100-μg-60-softgels?variant=49962294247664,https://fithouse.uk/products/osavi-vitamin-k2-mk-7-100-μg-60-softgels?variant=49962294247664,,9.99,true,3.99,true,true,,,,,,2026-07-26T14:09:40+01:00
Fit House,https://fithouse.uk,10081679147248,49962376200432,Osavi Magnesium Citrate with Vitamin B6 90 Capsules,Default,Osavi,Vitamins,,https://cdn.shopify.com/s/files/1/0661/8202/1360/files/Untitleddesign_3_6c85df02-ef6f-41ee-815e-bec21f5c0a36.jpg?v=1783001377,osavi-magnesium-citrate-vitamin-b6-90-capsules,https://fithouse.uk/products/osavi-magnesium-citrate-vitamin-b6-90-vegan-caps?variant=49962376200432,https://fithouse.uk/products/osavi-magnesium-citrate-vitamin-b6-90-vegan-caps?variant=49962376200432,,11.99,true,3.99,true,true,,,,,,2026-07-26T14:09:40+01:00
Fit House,https://fithouse.uk,10083619340528,49968397811952,Osavi Digestive Enzymes with Probiotic 60 Capsules,Default,Osavi,Health Supplements,,https://cdn.shopify.com/s/files/1/0661/8202/1360/files/Untitleddesign_5_78e4a7d7-3604-4a01-965c-c6c79799cad6.jpg?v=1783077851,osavi-digestive-enzymes-probiotic-60-capsules,https://fithouse.uk/products/osavi-digestive-enzymes-probiotic-60-vegan-capsules?variant=49968397811952,https://fithouse.uk/products/osavi-digestive-enzymes-probiotic-60-vegan-capsules?variant=49968397811952,,19.99,true,3.99,true,true,,,,,,2026-07-26T14:09:40+01:00
Fit House,https://fithouse.uk,10033393893616,49763835314416,Now Foods Turmeric Curcumin 120 Softgels,Default,Now Foods,Health Supplements,,https://cdn.shopify.com/s/files/1/0661/8202/1360/files/1_2df693f3-f9d3-4161-b1fc-508042d3dc46.jpg?v=1779718537,now-foods-turmeric-curcumin-120-softgels,https://fithouse.uk/products/now-foods-turmeric-curcumin-gels-120-softgels?variant=49763835314416,https://fithouse.uk/products/now-foods-turmeric-curcumin-gels-120-softgels?variant=49763835314416,,39.99,true,3.99,true,true,,,,,,2026-07-26T14:09:40+01:00
Fit House,https://fithouse.uk,10028557009136,49745349804272,TBJP Berberine 60 Capsules,Default,TBJP,Health Supplements,,https://cdn.shopify.com/s/files/1/0661/8202/1360/files/Untitleddesign_24.png?v=1779202549,tbjp-berberine-60-capsules,https://fithouse.uk/products/tbjp-berberine-60-caps?variant=49745349804272,https://fithouse.uk/products/tbjp-berberine-60-caps?variant=49745349804272,,14.99,true,3.99,true,true,,,,,,2026-07-26T14:09:40+01:00
Fit House,https://fithouse.uk,10028561989872,49745363337456,Trec Nutrition ALA 250mg 60 Capsules,Default,Trec Nutrition,Health Supplements,,https://cdn.shopify.com/s/files/1/0661/8202/1360/files/Untitleddesign_25.png?v=1779202899,trec-nutrition-ala-250mg-60-capsules,https://fithouse.uk/products/trec-nutrition-ala-250-60-caps?variant=49745363337456,https://fithouse.uk/products/trec-nutrition-ala-250-60-caps?variant=49745363337456,,9.99,true,3.99,true,true,,,,,,2026-07-26T14:09:40+01:00
Fit House,https://fithouse.uk,10028475810032,49745019797744,Nutrend Creatine Compressed 120 Capsules,Default,Nutrend,Creatine,,https://cdn.shopify.com/s/files/1/0661/8202/1360/files/Untitleddesign_7_52b213a7-ba98-4c1d-ba99-6e06ece8797e.png?v=1779193151,nutrend-creatine-compressed-120-capsules,https://fithouse.uk/products/nutrend-creatine-compressed-capsules-120-caps?variant=49745019797744,https://fithouse.uk/products/nutrend-creatine-compressed-capsules-120-caps?variant=49745019797744,,19.99,true,3.99,true,true,,,,,,2026-07-26T14:09:40+01:00
Fit House,https://fithouse.uk,10028500615408,49745097097456,EFX Sports Kre-Alkalyn EFX 120 Capsules,Default,EFX Sports,Creatine,,https://cdn.shopify.com/s/files/1/0661/8202/1360/files/Untitleddesign_19.png?v=1779196701,efx-sports-kre-alkalyn-efx-120-capsules,https://fithouse.uk/products/efx-sports-kre-alkalyn®-efx-120-caps?variant=49745097097456,https://fithouse.uk/products/efx-sports-kre-alkalyn®-efx-120-caps?variant=49745097097456,,19.99,true,3.99,true,true,,,,,,2026-07-26T14:09:40+01:00
Fit House,https://fithouse.uk,10077997170928,49936354246896,Osavi Liposomal Iron 20mg 60 Capsules,Default,Osavi,Vitamins,,https://cdn.shopify.com/s/files/1/0661/8202/1360/files/Untitleddesign_2_9d77d740-7260-4e45-b5ab-37be7c789c2d.jpg?v=1782924923,osavi-liposomal-iron-20mg-60-capsules,https://fithouse.uk/products/liposomal-iron-20-mg-60-vegan-capsules?variant=49936354246896,https://fithouse.uk/products/liposomal-iron-20-mg-60-vegan-capsules?variant=49936354246896,,9.99,true,3.99,true,true,,,,,,2026-07-26T14:09:40+01:00
Fit House,https://fithouse.uk,8271543730416,44086631203056,Osavi Selenium 200mcg 90 Capsules,Default,Osavi,Vitamins,,https://cdn.shopify.com/s/files/1/0661/8202/1360/files/Untitleddesign_2_206e3371-e85d-48be-bc6b-efc03cb8ac1d.jpg?v=1783000044,osavi-selenium-200mcg-90-capsules,https://fithouse.uk/products/osavi-selenium-200μg-90-vegan-capsules?variant=44086631203056,https://fithouse.uk/products/osavi-selenium-200μg-90-vegan-capsules?variant=44086631203056,,7.99,true,3.99,true,true,,,,,,2026-07-26T14:09:40+01:00
Fit House,https://fithouse.uk,8493486047472,45060015816944,OstroVit Pure Glycine 200g,Default,OstroVit,Amino Acids,,https://cdn.shopify.com/s/files/1/0661/8202/1360/files/photo_1_3a35bebd-7ff4-41f1-ab58-f60f0bc59024.jpg?v=1759769313,ostrovit-pure-glycine-200g,https://fithouse.uk/products/ostrovit-pure-glycine-200-g-natural?variant=45060015816944,https://fithouse.uk/products/ostrovit-pure-glycine-200-g-natural?variant=45060015816944,,5.99,true,3.99,true,true,,,,,,2026-07-26T14:09:40+01:00
Fit House,https://fithouse.uk,9370163708144,47256749310192,Trec Nutrition Korean Ginseng 90 Capsules,Default,Trec Nutrition,Health Supplements,,https://cdn.shopify.com/s/files/1/0661/8202/1360/files/gins.png?v=1740483768,trec-nutrition-korean-ginseng-90-capsules,https://fithouse.uk/products/trec-korean-ginseng-90-caps?variant=47256749310192,https://fithouse.uk/products/trec-korean-ginseng-90-caps?variant=47256749310192,,11.99,true,3.99,true,true,,,,,,2026-07-26T14:09:40+01:00
Fit House,https://fithouse.uk,9347715301616,47200433537264,Applied Nutrition L-Glutamine Powder 250g,Default,Applied Nutrition,Amino Acids,,https://cdn.shopify.com/s/files/1/0661/8202/1360/files/Untitleddesign_1_7bb1ef60-f187-4b29-8aba-0a82eeae0d81.jpg?v=1778256342,applied-nutrition-l-glutamine-powder-250g,https://fithouse.uk/products/applied-nutrition-l-glutamine-powder-50-servings?variant=47200433537264,https://fithouse.uk/products/applied-nutrition-l-glutamine-powder-50-servings?variant=47200433537264,,12.99,true,3.99,true,true,,,,,,2026-07-26T14:09:40+01:00
Fit House,https://fithouse.uk,9347657269488,47199875530992,Now Foods MSM 1500mg 200 Tablets,Default,Now Foods,Health Supplements,,https://cdn.shopify.com/s/files/1/0661/8202/1360/files/msm.png?v=1739023478,now-foods-msm-1500mg-200-tablets,https://fithouse.uk/products/msm-1500-mg-200-tabs?variant=47199875530992,https://fithouse.uk/products/msm-1500-mg-200-tabs?variant=47199875530992,,19.99,true,3.99,true,true,,,,,,2026-07-26T14:09:40+01:00
Fit House,https://fithouse.uk,9107338264816,46807233691888,Now Foods Relora 300mg 60 Capsules,Default,Now Foods,Health Supplements,,https://cdn.shopify.com/s/files/1/0661/8202/1360/files/relora.jpg?v=1731939953,now-foods-relora-300mg-60-capsules,https://fithouse.uk/products/now-foods-relora-300-mg-60-veg-caps?variant=46807233691888,https://fithouse.uk/products/now-foods-relora-300-mg-60-veg-caps?variant=46807233691888,,15.99,true,3.99,true,true,,,,,,2026-07-26T14:09:40+01:00
Fit House,https://fithouse.uk,9060070064368,46672200106224,Swanson Milk Thistle 120 Capsules,Default,Swanson,Health Supplements,,https://cdn.shopify.com/s/files/1/0661/8202/1360/files/Untitleddesign_5_8e93ff17-6340-4316-b33d-5b71a564e10e.jpg?v=1728649001,swanson-milk-thistle-120-capsules,https://fithouse.uk/products/swanson-milk-thistle-120-caps?variant=46672200106224,https://fithouse.uk/products/swanson-milk-thistle-120-caps?variant=46672200106224,,12.99,true,3.99,true,true,,,,,,2026-07-26T14:09:40+01:00
Fit House,https://fithouse.uk,9058975187184,46667614945520,Now Foods Choline & Inositol 100 Capsules,Default,Now Foods,Health Supplements,,https://cdn.shopify.com/s/files/1/0661/8202/1360/files/now_foods_choline_inositol.jpg?v=1728570119,now-foods-choline-inositol-100-capsules,https://fithouse.uk/products/now-foods-choline-inositol-100-veg-caps?variant=46667614945520,https://fithouse.uk/products/now-foods-choline-inositol-100-veg-caps?variant=46667614945520,,12.99,true,3.99,true,true,,,,,,2026-07-26T14:09:40+01:00
Fit House,https://fithouse.uk,8969071853808,46453750563056,Now Foods Evening Primrose Oil 500mg 100 Softgels,Default,Now Foods,Health Supplements,,https://cdn.shopify.com/s/files/1/0661/8202/1360/files/Untitleddesign_2_6f311f45-1ac0-4f4c-894b-a8c3b6344884.jpg?v=1723148676,now-foods-evening-primrose-oil-500mg-100-softgels,https://fithouse.uk/products/now-foods-evening-primrose-oil-500-mg-100-gel-caps?variant=46453750563056,https://fithouse.uk/products/now-foods-evening-primrose-oil-500-mg-100-gel-caps?variant=46453750563056,,12.99,true,3.99,true,true,,,,,,2026-07-26T14:09:40+01:00
Fit House,https://fithouse.uk,8905761685744,46257717706992,Now Foods Chromium Picolinate 200mcg 100 Capsules,Default,Now Foods,Vitamins,,https://cdn.shopify.com/s/files/1/0661/8202/1360/files/Untitleddesign_15.jpg?v=1719593412,now-foods-chromium-picolinate-200mcg-100-capsules,https://fithouse.uk/products/now-chromium-picolinate-200-mcg-vege-caps?variant=46257717706992,https://fithouse.uk/products/now-chromium-picolinate-200-mcg-vege-caps?variant=46257717706992,,7.99,true,3.99,true,true,,,,,,2026-07-26T14:09:40+01:00
Fit House,https://fithouse.uk,8816824549616,46035332563184,OstroVit Garlic 90 Capsules,Default,OstroVit,Health Supplements,,https://cdn.shopify.com/s/files/1/0661/8202/1360/files/Untitleddesign_2_325a8523-f902-4bcb-bc93-97e315a7beeb.jpg?v=1716547533,ostrovit-garlic-90-capsules,https://fithouse.uk/products/ostrovit-garlic-90-caps?variant=46035332563184,https://fithouse.uk/products/ostrovit-garlic-90-caps?variant=46035332563184,,8.99,true,3.99,true,true,,,,,,2026-07-26T14:09:40+01:00
Fit House,https://fithouse.uk,8776332837104,45939205177584,Doctor's Best Vitamin D3 5000 IU 180 Softgels,Default,Doctor's Best,Vitamins,,https://cdn.shopify.com/s/files/1/0661/8202/1360/files/Untitleddesign_9.jpg?v=1715269598,doctors-best-vitamin-d3-5000-iu-180-softgels,https://fithouse.uk/products/doctors-best-vitamin-d3-125-mcg-5000-iu-180-softgel-caps?variant=45939205177584,https://fithouse.uk/products/doctors-best-vitamin-d3-125-mcg-5000-iu-180-softgel-caps?variant=45939205177584,,10.99,true,3.99,true,true,,,,,,2026-07-26T14:09:40+01:00
Fit House,https://fithouse.uk,8776286798064,45938772279536,Doctor's Best Real Krill 350mg 60 Softgels,Default,Doctor's Best,Vitamins,,https://cdn.shopify.com/s/files/1/0661/8202/1360/files/Untitleddesign_7_be239c1b-f2c7-40d9-b0ca-5a18cbb8c93c.jpg?v=1715265436,doctors-best-real-krill-350mg-60-softgels,https://fithouse.uk/products/doctors-best-real-krill-350-mg-60-softgel-caps?variant=45938772279536,https://fithouse.uk/products/doctors-best-real-krill-350-mg-60-softgel-caps?variant=45938772279536,,19.99,true,3.99,true,true,,,,,,2026-07-26T14:09:40+01:00
Fit House,https://fithouse.uk,8511414534384,45128091402480,Now Foods Taurine Powder 227g,Default,Now Foods,Amino Acids,,https://cdn.shopify.com/s/files/1/0661/8202/1360/files/Untitleddesign-2024-02-23T183240.229.jpg?v=1708713412,now-foods-taurine-powder-227g,https://fithouse.uk/products/now-foods-taurine-powder-227g?variant=45128091402480,https://fithouse.uk/products/now-foods-taurine-powder-227g?variant=45128091402480,,14.99,true,3.99,true,true,,,,,,2026-07-26T14:09:40+01:00
Fit House,https://fithouse.uk,8493494370544,45060077060336,Now Foods MSM Powder 227g,Default,Now Foods,Health Supplements,,https://cdn.shopify.com/s/files/1/0661/8202/1360/files/Untitleddesign-2024-02-09T135310.728.jpg?v=1707487067,now-foods-msm-powder-227g,https://fithouse.uk/products/now-foods-msm-powder-227g?variant=45060077060336,https://fithouse.uk/products/now-foods-msm-powder-227g?variant=45060077060336,,12.99,true,3.99,true,true,,,,,,2026-07-26T14:09:40+01:00
Fit House,https://fithouse.uk,8334171177200,44264725479664,Swanson Triphala 500mg 100 Capsules,Default,Swanson,Health Supplements,,https://cdn.shopify.com/s/files/1/0661/8202/1360/files/Untitleddesign-2023-10-06T125445.988.jpg?v=1696593468,swanson-triphala-500mg-100-capsules,https://fithouse.uk/products/swanson-triphala-500mg-100-caps?variant=44264725479664,https://fithouse.uk/products/swanson-triphala-500mg-100-caps?variant=44264725479664,,9.99,true,3.99,true,true,,,,,,2026-07-26T14:09:40+01:00
Fit House,https://fithouse.uk,8163807887600,43643596734704,Osavi B-Complex 60 Capsules,Default,Osavi,Vitamins,,https://cdn.shopify.com/s/files/1/0661/8202/1360/files/Untitleddesign_1_dc6bd6f9-d878-4180-9795-e89732c47c10.jpg?v=1782921895,osavi-b-complex-60-capsules,https://fithouse.uk/products/osavi-b-complex-60-vege-caps?variant=43643596734704,https://fithouse.uk/products/osavi-b-complex-60-vege-caps?variant=43643596734704,,9.99,true,3.99,true,true,,,,,,2026-07-26T14:09:40+01:00
Fit House,https://fithouse.uk,9370261913840,47256925995248,Trec Nutrition CM3 PRO+ 200 Capsules,Default,Trec Nutrition,Creatine,,https://cdn.shopify.com/s/files/1/0661/8202/1360/files/Untitleddesign_3_bbcf63b0-8426-4c73-aadd-e0498500ca98.jpg?v=1759331915,trec-nutrition-cm3-pro-plus-200-capsules,https://fithouse.uk/products/trec-nutrition-cm3-pro-limited-edition-200-caps?variant=47256925995248,https://fithouse.uk/products/trec-nutrition-cm3-pro-limited-edition-200-caps?variant=47256925995248,,17.99,true,3.99,true,true,,,,,,2026-07-26T14:09:40+01:00
Fit House,https://fithouse.uk,9347456499952,47199527305456,Now Foods Potassium Plus Iodine 180 Tablets,Default,Now Foods,Vitamins,,https://cdn.shopify.com/s/files/1/0661/8202/1360/files/potassium.png?v=1739015352,now-foods-potassium-plus-iodine-180-tablets,https://fithouse.uk/products/potassium-plus-iodine-180-tabs?variant=47199527305456,https://fithouse.uk/products/potassium-plus-iodine-180-tabs?variant=47199527305456,,10.99,true,3.99,true,true,,,,,,2026-07-26T14:09:40+01:00
Fit House,https://fithouse.uk,9179043856624,47000406130928,Swanson Nattokinase 2000 FU 100mg 30 Capsules,Default,Swanson,Health Supplements,,https://cdn.shopify.com/s/files/1/0661/8202/1360/files/natto.jpg?v=1737402720,swanson-nattokinase-2000-fu-100mg-30-capsules,https://fithouse.uk/products/swanson-nattokinase-2-000-fu-100-mg-30-caps?variant=47000406130928,https://fithouse.uk/products/swanson-nattokinase-2-000-fu-100-mg-30-caps?variant=47000406130928,,12.99,true,3.99,true,true,,,,,,2026-07-26T14:09:40+01:00
Fit House,https://fithouse.uk,8245425144048,43977956917488,Doctor's Best NAC 60 Capsules,Default,Doctor's Best,Health Supplements,,https://cdn.shopify.com/s/files/1/0661/8202/1360/products/Untitleddesign_17_3980e1de-3648-4e93-94cc-a8001d487361.jpg?v=1679667229,doctors-best-nac-60-capsules,https://fithouse.uk/products/doctors-best-nac-60-vege-caps?variant=43977956917488,https://fithouse.uk/products/doctors-best-nac-60-vege-caps?variant=43977956917488,,14.99,true,3.99,true,true,,,,,,2026-07-26T14:09:40+01:00
Fit House,https://fithouse.uk,9059083157744,46668144247024,Now Foods Niacin 500mg Flush-Free 90 Capsules,Default,Now Foods,Vitamins,,https://cdn.shopify.com/s/files/1/0661/8202/1360/files/Untitleddesign_1_84b2d039-0458-47f7-b248-29885cadc68c.jpg?v=1728576069,now-foods-niacin-500mg-flush-free-90-capsules,https://fithouse.uk/products/now-foods-niacin-500-mg-flush-free-90-veg-caps?variant=46668144247024,https://fithouse.uk/products/now-foods-niacin-500-mg-flush-free-90-veg-caps?variant=46668144247024,,18.99,true,3.99,true,true,,,,,,2026-07-26T14:09:40+01:00
Fit House,https://fithouse.uk,8929298252016,46323272614128,Osavi Rhodiola Rosea Root 400mg 120 Capsules,Default,Osavi,Health Supplements,,https://cdn.shopify.com/s/files/1/0661/8202/1360/files/Untitleddesign_757af0f6-30b7-4f40-9a5c-974dc207243d.jpg?v=1782992534,osavi-rhodiola-rosea-root-400mg-120-capsules,https://fithouse.uk/products/osavi-rhodiola-rosea-root-400-mg-120-vege-caps?variant=46323272614128,https://fithouse.uk/products/osavi-rhodiola-rosea-root-400-mg-120-vege-caps?variant=46323272614128,,10.99,true,3.99,true,true,,,,,,2026-07-26T14:09:40+01:00
Fit House,https://fithouse.uk,8776311636208,45938991890672,Doctor's Best Fully Active B12 1500mcg 60 Capsules,Default,Doctor's Best,Vitamins,,https://cdn.shopify.com/s/files/1/0661/8202/1360/files/Untitleddesign_8_7b927b0f-ee42-4f0b-ae46-ad93eeaaa357.jpg?v=1715266261,doctors-best-fully-active-b12-1500mcg-60-capsules,https://fithouse.uk/products/doctors-best-fully-active-b12-1-500-mcg-60-vege-caps?variant=45938991890672,https://fithouse.uk/products/doctors-best-fully-active-b12-1-500-mcg-60-vege-caps?variant=45938991890672,,9.99,true,3.99,true,true,,,,,,2026-07-26T14:09:40+01:00
Fit House,https://fithouse.uk,8493540278512,45060374167792,Osavi Maca 1000mg 120 Capsules,Default,Osavi,Health Supplements,,https://cdn.shopify.com/s/files/1/0661/8202/1360/files/Untitleddesign_1_07a19065-e53c-4987-864d-a64e189973fa.jpg?v=1782833726,osavi-maca-1000mg-120-capsules,https://fithouse.uk/products/osavi-maca-1000mg-120-vege-caps?variant=45060374167792,https://fithouse.uk/products/osavi-maca-1000mg-120-vege-caps?variant=45060374167792,,14.99,true,3.99,true,true,,,,,,2026-07-26T14:09:40+01:00
Fit House,https://fithouse.uk,8479801114864,45001872048368,Osavi Fenugreek 550mg 60 Capsules,Default,Osavi,Health Supplements,,https://cdn.shopify.com/s/files/1/0661/8202/1360/files/Untitleddesign_3_b1e813b4-643e-4ad3-a4b6-ea35ecd3332a.jpg?v=1782989834,osavi-fenugreek-550mg-60-capsules,https://fithouse.uk/products/osavi-fenugreek-60-vege-caps?variant=45001872048368,https://fithouse.uk/products/osavi-fenugreek-60-vege-caps?variant=45001872048368,,9.99,true,3.99,true,true,,,,,,2026-07-26T14:09:40+01:00
Fit House,https://fithouse.uk,8339449184496,44283614494960,Now Foods Glycine 1000mg 100 Capsules,Default,Now Foods,Amino Acids,,https://cdn.shopify.com/s/files/1/0661/8202/1360/files/Untitleddesign-2023-10-11T152906.474.jpg?v=1697035303,now-foods-glycine-1000mg-100-capsules,https://fithouse.uk/products/now-foods-glycine-1000-mg-100-vege-caps?variant=44283614494960,https://fithouse.uk/products/now-foods-glycine-1000-mg-100-vege-caps?variant=44283614494960,,14.99,true,3.99,true,true,,,,,,2026-07-26T14:09:40+01:00
Fit House,https://fithouse.uk,8333749092592,44263526629616,Osavi Colostrum Powder 100g,Default,Osavi,Health Supplements,,https://cdn.shopify.com/s/files/1/0661/8202/1360/files/Untitleddesign_0a26902a-05ba-4849-bfb9-df84eddf8776.jpg?v=1782995436,osavi-colostrum-powder-100g,https://fithouse.uk/products/colostrum-1200-mg-powder-100-grams?variant=44263526629616,https://fithouse.uk/products/colostrum-1200-mg-powder-100-grams?variant=44263526629616,,24.99,true,3.99,true,true,,,,,,2026-07-26T14:09:40+01:00
Fit House,https://fithouse.uk,8493491585264,45060053762288,Now Foods Collagen Peptides Powder 227g,Default,Now Foods,Health Supplements,,https://cdn.shopify.com/s/files/1/0661/8202/1360/files/Untitleddesign-2024-02-09T134719.897.jpg?v=1707486652,now-foods-collagen-peptides-powder-227g,https://fithouse.uk/products/now-foods-collagen-peptides-powder-227g?variant=45060053762288,https://fithouse.uk/products/now-foods-collagen-peptides-powder-227g?variant=45060053762288,,19.99,true,3.99,true,true,,,,,,2026-07-26T14:09:40+01:00
Fit House,https://fithouse.uk,10077991993584,49935647015152,Osavi Collagen & Electrolytes Orange & Grapefruit,Default,Osavi,Health Supplements,,https://cdn.shopify.com/s/files/1/0661/8202/1360/files/Untitleddesign_4_6e55a1c1-48da-4ad8-8496-fe2fac75d025.jpg?v=1782917932,osavi-collagen-electrolytes-orange-grapefruit,https://fithouse.uk/products/osavi-collagen-electrolytes-30-servings-1?variant=49935647015152,https://fithouse.uk/products/osavi-collagen-electrolytes-30-servings-1?variant=49935647015152,,29.99,true,3.99,true,true,,,,,,2026-07-26T14:09:40+01:00
Fit House,https://fithouse.uk,8816846504176,46035423396080,Now Foods EGCg Green Tea Extract 400mg 180 Capsules,Default,Now Foods,Health Supplements,,https://cdn.shopify.com/s/files/1/0661/8202/1360/files/Untitleddesign_3_7d8f6be9-05e5-46d8-b756-976f397b4da6.jpg?v=1716549819,now-foods-egcg-green-tea-extract-400mg-180-capsules,https://fithouse.uk/products/now-foods-egcg-green-tea-extract-400-mg-vege-caps?variant=46035423396080,https://fithouse.uk/products/now-foods-egcg-green-tea-extract-400-mg-vege-caps?variant=46035423396080,,21.99,true,3.99,true,true,,,,,,2026-07-26T14:09:40+01:00
Fit House,https://fithouse.uk,8693101330672,45780585939184,Swanson Albion Molybdenum 400mcg 60 Capsules,Default,Swanson,Health Supplements,,https://cdn.shopify.com/s/files/1/0661/8202/1360/files/SupplementFactsServingSize1VeggieCapsuleAmountPerServing_DailyValueThiamin_asthiaminHCL_vitaminB1_3mg250_Riboflavin_vitaminB2_3.4mg262_Niacin_asniacinamide_40mg250_11.jpg?v=1713448296,swanson-albion-molybdenum-400mcg-60-capsules,https://fithouse.uk/products/swanson-albion-molybdenum-400-mcg-60-vege-caps?variant=45780585939184,https://fithouse.uk/products/swanson-albion-molybdenum-400-mcg-60-vege-caps?variant=45780585939184,,6.99,true,3.99,true,true,,,,,,2026-07-26T14:09:40+01:00
Fit House,https://fithouse.uk,8271509946608,44086559310064,Now Foods Vitamin A 10000 IU 100 Softgels,Default,Now Foods,Vitamins,,https://cdn.shopify.com/s/files/1/0661/8202/1360/files/SupplementFactsServingSize2VegCapsulesServingsPerContainer50DescriptionAmountperServing_DailyValueTotalCarbohydrates1g1_GotuKola_Centellaasiatica_Aerial_900mg_DailyValueno_1.jpg?v=1684506517,now-foods-vitamin-a-10000-iu-100-softgels,https://fithouse.uk/products/now-foods-vitamin-a-10000-100-softgels?variant=44086559310064,https://fithouse.uk/products/now-foods-vitamin-a-10000-100-softgels?variant=44086559310064,,9.99,true,3.99,true,true,,,,,,2026-07-26T14:09:40+01:00
Fit House,https://fithouse.uk,8968956084464,46453444935920,Now Foods Organic Inulin Prebiotic Powder 227g,Default,Now Foods,Health Supplements,,https://cdn.shopify.com/s/files/1/0661/8202/1360/files/Untitleddesign_2558ce10-4832-4540-996f-4b59a9e649ec.jpg?v=1723145146,now-foods-organic-inulin-prebiotic-powder-227g,https://fithouse.uk/products/inulin-prebiotic-pure-powder-organic?variant=46453444935920,https://fithouse.uk/products/inulin-prebiotic-pure-powder-organic?variant=46453444935920,,13.99,true,3.99,true,true,,,,,,2026-07-26T14:09:40+01:00
Fit House,https://fithouse.uk,8685938376944,45768791982320,Reflex Nutrition Magnesium Bisglycinate 90 Capsules,Default,Reflex Nutrition,Health Supplements,,https://cdn.shopify.com/s/files/1/0661/8202/1360/files/Untitleddesign_1_3bf4075d-0253-4999-a24e-094e07d80881.jpg?v=1783764093,reflex-nutrition-magnesium-bisglycinate-90-capsules,https://fithouse.uk/products/reflex-nutrition-magnesium-bisglycinate-90-caps?variant=45768791982320,https://fithouse.uk/products/reflex-nutrition-magnesium-bisglycinate-90-caps?variant=45768791982320,,9.99,true,3.99,true,true,,,,,,2026-07-26T14:09:40+01:00
Fit House,https://fithouse.uk,8147551846640,43582764876016,7Nutrition Citrulline Malate 250g,Default,7Nutrition,Amino Acids,,https://cdn.shopify.com/s/files/1/0661/8202/1360/files/Untitleddesign_29.png?v=1779206699,7nutrition-citrulline-malate-250g,https://fithouse.uk/products/7-nutrition-citrulline-malate-250g?variant=43582764876016,https://fithouse.uk/products/7-nutrition-citrulline-malate-250g?variant=43582764876016,,14.99,true,3.99,true,true,,,,,,2026-07-26T14:09:40+01:00
Fit House,https://fithouse.uk,9624501813488,47987919782128,"Soma Turmeric, Black Pepper & Ginger 90 Capsules",Default,Soma,Health Supplements,,https://cdn.shopify.com/s/files/1/0661/8202/1360/files/Untitleddesign_07b7a21d-b2f4-4bee-8274-5981123d1caa.jpg?v=1757075262,soma-turmeric-black-pepper-ginger-90-capsules,https://fithouse.uk/products/soma-turmeric-black-pepper-ginger-90-capsules?variant=47987919782128,https://fithouse.uk/products/soma-turmeric-black-pepper-ginger-90-capsules?variant=47987919782128,,19.99,true,3.99,true,true,,,,,,2026-07-26T14:09:40+01:00
Fit House,https://fithouse.uk,9623385932016,47984711958768,Soma NAC 300mg 100 Tablets,Default,Soma,Amino Acids,,https://cdn.shopify.com/s/files/1/0661/8202/1360/files/Untitleddesign_4_3cfdaa80-75d9-4ad6-8020-93f84c9f628f.jpg?v=1757000081,soma-nac-300mg-100-tablets,https://fithouse.uk/products/nac-100-tablets?variant=47984711958768,https://fithouse.uk/products/nac-100-tablets?variant=47984711958768,,11.99,true,3.99,true,true,,,,,,2026-07-26T14:09:40+01:00
Fit House,https://fithouse.uk,9347614343408,47199795413232,Now Foods 5-HTP Double Strength 200mg 60 Capsules,Default,Now Foods,Amino Acids,,https://cdn.shopify.com/s/files/1/0661/8202/1360/files/5htp200.png?v=1739022397,now-foods-5-htp-double-strength-200mg-60-capsules,https://fithouse.uk/products/now-foods-5-htp-double-strength-200-mg-60-veg-capsules?variant=47199795413232,https://fithouse.uk/products/now-foods-5-htp-double-strength-200-mg-60-veg-capsules?variant=47199795413232,,16.99,true,3.99,true,true,,,,,,2026-07-26T14:09:40+01:00
Fit House,https://fithouse.uk,9176724177136,46992608657648,7Nutrition Coenzyme Q10 200mg 60 Capsules,Default,7Nutrition,Health Supplements,,https://cdn.shopify.com/s/files/1/0661/8202/1360/files/7q10.jpg?v=1737206687,7nutrition-coenzyme-q10-200mg-60-capsules,https://fithouse.uk/products/7nutrition-coenzyme-q10-60-vege-caps?variant=46992608657648,https://fithouse.uk/products/7nutrition-coenzyme-q10-60-vege-caps?variant=46992608657648,,16.99,true,3.99,true,true,,,,,,2026-07-26T14:09:40+01:00
Fit House,https://fithouse.uk,9176635834608,46992502718704,7Nutrition Vitamin C Pure Powder 250g,Default,7Nutrition,Vitamins,,https://cdn.shopify.com/s/files/1/0661/8202/1360/files/vitaminc.jpg?v=1737203430,7nutrition-vitamin-c-pure-powder-250g,https://fithouse.uk/products/7nutrition-vitamin-c-pure-250g?variant=46992502718704,https://fithouse.uk/products/7nutrition-vitamin-c-pure-250g?variant=46992502718704,,8.99,true,3.99,true,true,,,,,,2026-07-26T14:09:40+01:00
Fit House,https://fithouse.uk,9174925803760,49768841904368,Animal Flex Powder Cherry Berry 369g,Default,Animal,Health Supplements,,https://cdn.shopify.com/s/files/1/0661/8202/1360/files/Untitleddesign_1_3a9eeb23-71d6-45e0-aca4-047412caa2ac.jpg?v=1737038137,animal-flex-powder-cherry-berry-369g,https://fithouse.uk/products/animal-flex-powder-cherry-berry-369g?variant=49768841904368,https://fithouse.uk/products/animal-flex-powder-cherry-berry-369g?variant=49768841904368,,37.99,true,3.99,true,true,,,,,,2026-07-26T14:09:40+01:00
Fit House,https://fithouse.uk,9168643719408,46969317228784,7Nutrition Vitamin D3 2000 IU 120 Softgels,Default,7Nutrition,Vitamins,,https://cdn.shopify.com/s/files/1/0661/8202/1360/files/Untitled_design_ed7cbf83-84dd-4ce7-bfdd-1fac63de4478.jpg?v=1736593646,7nutrition-vitamin-d3-2000-iu-120-softgels,https://fithouse.uk/products/7-nutrition-vitamin-d3-2000-120-gel-caps-copy?variant=46969317228784,https://fithouse.uk/products/7-nutrition-vitamin-d3-2000-120-gel-caps-copy?variant=46969317228784,,5.99,true,3.99,true,true,,,,,,2026-07-26T14:09:40+01:00
Fit House,https://fithouse.uk,9097931817200,46780983836912,Osavi Liposomal Iron 20mg 120 Capsules,Default,Osavi,Vitamins,,https://cdn.shopify.com/s/files/1/0661/8202/1360/files/Untitleddesign.png?v=1731326707,osavi-liposomal-iron-20mg-120-capsules,https://fithouse.uk/products/osavi-liposomal-iron-20-mg-120-vege-caps?variant=46780983836912,https://fithouse.uk/products/osavi-liposomal-iron-20-mg-120-vege-caps?variant=46780983836912,,19.99,true,3.99,true,true,,,,,,2026-07-26T14:09:40+01:00
Fit House,https://fithouse.uk,8147560530160,43582806327536,7Nutrition Sodium Butyrate 580mg 100 Capsules,Default,7Nutrition,Health Supplements,,https://cdn.shopify.com/s/files/1/0661/8202/1360/products/Untitleddesign_6_8dd6870c-ef6a-4ba3-a5f7-6df635556301.jpg?v=1666367553,7nutrition-sodium-butyrate-580mg-100-capsules,https://fithouse.uk/products/7-nutrition-sodium-butyrate-100-vege-caps?variant=43582806327536,https://fithouse.uk/products/7-nutrition-sodium-butyrate-100-vege-caps?variant=43582806327536,,9.99,true,3.99,true,true,,,,,,2026-07-26T14:09:40+01:00
Fit House,https://fithouse.uk,9060343709936,46673002004720,Nordic Naturals Nordic Flora Probiotic Comfort 15 Billion CFU 30 Capsules,Default,Nordic Naturals,Health Supplements,,https://cdn.shopify.com/s/files/1/0661/8202/1360/files/Untitleddesign_6_2b94b0e9-701e-46e6-8211-7eaf0967df13.jpg?v=1728660020,nordic-naturals-nordic-flora-probiotic-comfort-15-billion-cfu-30-capsules,https://fithouse.uk/products/nordic-naturals-nordic-flora-probiotic-comfort-15-billion-cfu-30-capsules?variant=46673002004720,https://fithouse.uk/products/nordic-naturals-nordic-flora-probiotic-comfort-15-billion-cfu-30-capsules?variant=46673002004720,,34.99,true,3.99,true,true,,,,,,2026-07-26T14:09:40+01:00
Fit House,https://fithouse.uk,9041428283632,46620421816560,7Nutrition Beta-Alanine Powder 250g Unflavoured,Default,7Nutrition,Amino Acids,,https://cdn.shopify.com/s/files/1/0661/8202/1360/files/Untitleddesign_30.png?v=1779206902,7nutrition-beta-alanine-powder-250g-unflavoured,https://fithouse.uk/products/7-nutrition-beta-alanine-250g-unflavoured?variant=46620421816560,https://fithouse.uk/products/7-nutrition-beta-alanine-250g-unflavoured?variant=46620421816560,,11.99,true,3.99,true,true,,,,,,2026-07-26T14:09:40+01:00
Fit House,https://fithouse.uk,8333086884080,44260687118576,Olimp ZMA + B6 120 Capsules,Default,Olimp,Health Supplements,,https://cdn.shopify.com/s/files/1/0661/8202/1360/files/Untitleddesign-2023-10-04T123023.632.jpg?v=1696419290,olimp-zma-b6-120-capsules,https://fithouse.uk/products/olimp-zma-b6-120-caps?variant=44260687118576,https://fithouse.uk/products/olimp-zma-b6-120-caps?variant=44260687118576,,25.99,true,3.99,true,true,,,,,,2026-07-26T14:09:40+01:00
Fit House,https://fithouse.uk,9168824172784,46969725714672,7Nutrition Berberine Stack 500mg 90 Capsules,Default,7Nutrition,Health Supplements,,https://cdn.shopify.com/s/files/1/0661/8202/1360/files/Untitleddesign_1_fbe60033-12fd-4b95-8e1e-67e16f2fe9ec.jpg?v=1736599728,7nutrition-berberine-stack-500mg-90-capsules,https://fithouse.uk/products/7-nutrition-berberine-stack-90-vege-caps?variant=46969725714672,https://fithouse.uk/products/7-nutrition-berberine-stack-90-vege-caps?variant=46969725714672,,11.99,true,3.99,true,true,,,,,,2026-07-26T14:09:40+01:00
Fit House,https://fithouse.uk,8273427333360,44092616311024,Swanson Full Spectrum Passion Flower 500mg 60 Capsules,Default,Swanson,Health Supplements,,https://cdn.shopify.com/s/files/1/0661/8202/1360/files/5_NUTRITIONCREA-TEN-LEGENDARYSERIESCreatineisusuallyoneofthefirstsupplementsanathletewilltry.Infact_it_ssopopularit_sacornerstoneproductinthesupplementarsenalofmanyadvance_2.jpg?v=1684851960,swanson-full-spectrum-passion-flower-500mg-60-capsules,https://fithouse.uk/products/swanson-full-spectrum-passion-flower-60-vege-caps?variant=44092616311024,https://fithouse.uk/products/swanson-full-spectrum-passion-flower-60-vege-caps?variant=44092616311024,,6.99,true,3.99,true,true,,,,,,2026-07-26T14:09:40+01:00
Fit House,https://fithouse.uk,9673951019248,48121139658992,GYM HIGH Shred Mode 60 Capsules,Default,GYM HIGH,Health Supplements,,https://cdn.shopify.com/s/files/1/0661/8202/1360/files/Untitleddesign_8_e782cdca-9a53-4364-8f30-a6884df911b6.jpg?v=1759355143,gym-high-shred-mode-60-capsules,https://fithouse.uk/products/gym-high-shred-mode-60-capsules?variant=48121139658992,https://fithouse.uk/products/gym-high-shred-mode-60-capsules?variant=48121139658992,,39.99,true,3.99,true,true,,,,,,2026-07-26T14:09:40+01:00
